"COL0","COL1","COL2","COL3","COL4","COL5","COL6"
"5320000.00","532","Oshawa","0000.00",135915.00,111790.00,102000.00
"5320001.00","532","Oshawa","0001.00",1285.00,1045.00,68000.00
"5320002.01","532","Oshawa","0002.01",1390.00,1135.00,76500.00
"5320002.02","532","Oshawa","0002.02",1445.00,1040.00,56400.00
"5320002.03","532","Oshawa","0002.03",2165.00,1685.00,84000.00
"5320003.01","532","Oshawa","0003.01",1560.00,1230.00,87000.00
"5320003.02","532","Oshawa","0003.02",2175.00,1840.00,101000.00
"5320004.01","532","Oshawa","0004.01",1095.00,855.00,81000.00
"5320004.02","532","Oshawa","0004.02",1425.00,1070.00,54800.00
"5320005.00","532","Oshawa","0005.00",1215.00,885.00,52800.00
"5320006.00","532","Oshawa","0006.00",1125.00,815.00,61600.00
"5320007.00","532","Oshawa","0007.00",1995.00,1535.00,79000.00
"5320008.01","532","Oshawa","0008.01",1335.00,1145.00,99000.00
"5320008.02","532","Oshawa","0008.02",885.00,660.00,82000.00
"5320008.03","532","Oshawa","0008.03",1440.00,1205.00,98000.00
"5320008.05","532","Oshawa","0008.05",955.00,815.00,91000.00
"5320008.06","532","Oshawa","0008.06",1940.00,1690.00,119000.00
"5320008.08","532","Oshawa","0008.08",1335.00,1145.00,130000.00
"5320008.09","532","Oshawa","0008.09",1265.00,1055.00,111000.00
"5320009.01","532","Oshawa","0009.01",950.00,750.00,75500.00
"5320009.02","532","Oshawa","0009.02",1250.00,1030.00,96000.00
"5320009.03","532","Oshawa","0009.03",2090.00,1760.00,97000.00
"5320009.04","532","Oshawa","0009.04",940.00,810.00,92000.00
"5320009.05","532","Oshawa","0009.05",1525.00,1240.00,78000.00
"5320010.00","532","Oshawa","0010.00",1490.00,950.00,45600.00
"5320011.00","532","Oshawa","0011.00",1705.00,1350.00,84000.00
"5320012.01","532","Oshawa","0012.01",1135.00,780.00,65000.00
"5320012.02","532","Oshawa","0012.02",945.00,755.00,86000.00
"5320013.00","532","Oshawa","0013.00",2005.00,1685.00,111000.00
"5320014.01","532","Oshawa","0014.01",905.00,665.00,98000.00
"5320014.02","532","Oshawa","0014.02",1450.00,960.00,52000.00
"5320015.02","532","Oshawa","0015.02",1510.00,1195.00,94000.00
"5320015.03","532","Oshawa","0015.03",695.00,525.00,80000.00
"5320015.04","532","Oshawa","0015.04",1120.00,790.00,74000.00
"5320016.04","532","Oshawa","0016.04",4240.00,3550.00,114000.00
"5320016.05","532","Oshawa","0016.05",1875.00,1505.00,108000.00
"5320016.06","532","Oshawa","0016.06",2050.00,1695.00,132000.00
"5320016.07","532","Oshawa","0016.07",1135.00,940.00,134000.00
"5320016.08","532","Oshawa","0016.08",1920.00,1600.00,151000.00
"5320100.01","532","Oshawa","0100.01",1980.00,1525.00,112000.00
"5320100.02","532","Oshawa","0100.02",1735.00,1260.00,94000.00
"5320100.03","532","Oshawa","0100.03",2445.00,1995.00,133000.00
"5320101.02","532","Oshawa","0101.02",1325.00,1065.00,115000.00
"5320101.03","532","Oshawa","0101.03",1305.00,1085.00,126000.00
"5320101.04","532","Oshawa","0101.04",1485.00,1245.00,106000.00
"5320101.05","532","Oshawa","0101.05",1345.00,1015.00,86000.00
"5320101.06","532","Oshawa","0101.06",1430.00,1155.00,120000.00
"5320102.01","532","Oshawa","0102.01",935.00,710.00,118000.00
"5320102.02","532","Oshawa","0102.02",670.00,545.00,49200.00
"5320102.03","532","Oshawa","0102.03",930.00,730.00,79500.00
"5320103.00","532","Oshawa","0103.00",845.00,625.00,74000.00
"5320104.00","532","Oshawa","0104.00",1400.00,1155.00,100000.00
"5320105.04","532","Oshawa","0105.04",1170.00,885.00,133000.00
"5320105.05","532","Oshawa","0105.05",1735.00,1365.00,121000.00
"5320105.06","532","Oshawa","0105.06",905.00,750.00,118000.00
"5320105.07","532","Oshawa","0105.07",1635.00,1360.00,146000.00
"5320105.08","532","Oshawa","0105.08",1275.00,1010.00,151000.00
"5320105.09","532","Oshawa","0105.09",1770.00,1455.00,123000.00
"5320105.10","532","Oshawa","0105.10",1950.00,1650.00,132000.00
"5320105.14","532","Oshawa","0105.14",1650.00,1275.00,133000.00
"5320105.15","532","Oshawa","0105.15",2470.00,2045.00,138000.00
"5320105.17","532","Oshawa","0105.17",465.00,420.00,144000.00
"5320105.18","532","Oshawa","0105.18",1740.00,1445.00,164000.00
"5320105.19","532","Oshawa","0105.19",1775.00,1440.00,159000.00
"5320105.20","532","Oshawa","0105.20",1715.00,1475.00,166000.00
"5320105.21","532","Oshawa","0105.21",645.00,600.00,124000.00
"5320105.22","532","Oshawa","0105.22",510.00,385.00,130000.00
"5320105.23","532","Oshawa","0105.23",2075.00,1700.00,143000.00
"5320105.24","532","Oshawa","0105.24",930.00,820.00,166000.00
"5320200.00","532","Oshawa","0200.00",2300.00,2030.00,113000.00
"5320201.01","532","Oshawa","0201.01",2450.00,2190.00,106000.00
"5320201.02","532","Oshawa","0201.02",1440.00,1320.00,111000.00
"5320202.04","532","Oshawa","0202.04",2375.00,2060.00,129000.00
"5320202.05","532","Oshawa","0202.05",2035.00,1755.00,122000.00
"5320202.08","532","Oshawa","0202.08",1050.00,915.00,109000.00
"5320202.09","532","Oshawa","0202.09",1250.00,1110.00,119000.00
"5320202.11","532","Oshawa","0202.11",2955.00,2615.00,104000.00
"5320202.12","532","Oshawa","0202.12",985.00,870.00,127000.00
"5320202.13","532","Oshawa","0202.13",1110.00,1000.00,131000.00
"5320202.14","532","Oshawa","0202.14",250.00,215.00,101000.00
"5320202.15","532","Oshawa","0202.15",130.00,115.00,67000.00
"5320202.16","532","Oshawa","0202.16",2430.00,2105.00,123000.00
"5320202.17","532","Oshawa","0202.17",720.00,665.00,107000.00
"5320202.18","532","Oshawa","0202.18",805.00,720.00,127000.00
"5320203.01","532","Oshawa","0203.01",2080.00,1825.00,117000.00
"5320203.02","532","Oshawa","0203.02",2215.00,1915.00,124000.00
"5320203.03","532","Oshawa","0203.03",1405.00,1175.00,88000.00
"5320203.05","532","Oshawa","0203.05",1960.00,1730.00,134000.00
"5320203.06","532","Oshawa","0203.06",1375.00,1250.00,106000.00
"5320204.00","532","Oshawa","0204.00",1680.00,1385.00,78000.00
"5320205.01","532","Oshawa","0205.01",225.00,195.00,104000.00
"5320205.02","532","Oshawa","0205.02",1545.00,1315.00,106000.00
"5320206.00","532","Oshawa","0206.00",1945.00,1775.00,130000.00
"5350000.00","535","Toronto","0000.00",1860970.00,1273025.00,97000.00
"5350001.00","535","Toronto","0001.00",180.00,95.00,137000.00
"5350002.00","535","Toronto","0002.00",115.00,30.00,85000.00
"5350003.00","535","Toronto","0003.00",195.00,120.00,89000.00
"5350004.00","535","Toronto","0004.00",2015.00,500.00,50000.00
"5350005.00","535","Toronto","0005.00",1895.00,590.00,66000.00
"5350006.00","535","Toronto","0006.00",,,
"5350007.01","535","Toronto","0007.01",1075.00,315.00,57200.00
"5350007.02","535","Toronto","0007.02",1350.00,420.00,53600.00
"5350008.01","535","Toronto","0008.01",2485.00,1195.00,97000.00
"5350008.02","535","Toronto","0008.02",3065.00,1315.00,90000.00
"5350009.00","535","Toronto","0009.00",75.00,15.00,45200.00
"5350010.01","535","Toronto","0010.01",1430.00,620.00,110000.00
"5350010.02","535","Toronto","0010.02",1980.00,720.00,97000.00
"5350011.01","535","Toronto","0011.01",2370.00,720.00,97000.00
"5350011.02","535","Toronto","0011.02",2385.00,475.00,88000.00
"5350011.03","535","Toronto","0011.03",1420.00,410.00,84000.00
"5350012.01","535","Toronto","0012.01",3295.00,1175.00,84000.00
"5350012.03","535","Toronto","0012.03",2150.00,635.00,98000.00
"5350012.04","535","Toronto","0012.04",1340.00,375.00,95000.00
"5350013.01","535","Toronto","0013.01",1610.00,425.00,91000.00
"5350013.02","535","Toronto","0013.02",2255.00,730.00,100000.00
"5350014.00","535","Toronto","0014.00",490.00,135.00,92000.00
"5350015.00","535","Toronto","0015.00",1125.00,300.00,94000.00
"5350016.00","535","Toronto","0016.00",2610.00,795.00,95000.00
"5350017.01","535","Toronto","0017.01",1305.00,550.00,94000.00
"5350017.02","535","Toronto","0017.02",2300.00,735.00,69500.00
"5350018.00","535","Toronto","0018.00",915.00,465.00,105000.00
"5350019.00","535","Toronto","0019.00",740.00,270.00,80000.00
"5350020.00","535","Toronto","0020.00",430.00,285.00,147000.00
"5350021.00","535","Toronto","0021.00",1270.00,605.00,89000.00
"5350022.00","535","Toronto","0022.00",770.00,505.00,149000.00
"5350023.00","535","Toronto","0023.00",680.00,370.00,134000.00
"5350024.00","535","Toronto","0024.00",1550.00,845.00,115000.00
"5350025.00","535","Toronto","0025.00",955.00,485.00,84000.00
"5350026.00","535","Toronto","0026.00",1470.00,700.00,98000.00
"5350027.00","535","Toronto","0027.00",1005.00,445.00,98000.00
"5350028.01","535","Toronto","0028.01",390.00,175.00,118000.00
"5350028.02","535","Toronto","0028.02",1430.00,685.00,109000.00
"5350029.00","535","Toronto","0029.00",1650.00,590.00,92000.00
"5350030.00","535","Toronto","0030.00",1570.00,575.00,76500.00
"5350031.00","535","Toronto","0031.00",1615.00,505.00,52000.00
"5350032.00","535","Toronto","0032.00",1575.00,335.00,41600.00
"5350033.00","535","Toronto","0033.00",1335.00,300.00,36400.00
"5350034.01","535","Toronto","0034.01",1180.00,245.00,62400.00
"5350034.02","535","Toronto","0034.02",2005.00,435.00,61600.00
"5350035.00","535","Toronto","0035.00",2760.00,420.00,66000.00
"5350036.00","535","Toronto","0036.00",1380.00,255.00,65500.00
"5350037.00","535","Toronto","0037.00",1200.00,170.00,61200.00
"5350038.00","535","Toronto","0038.00",775.00,215.00,51600.00
"5350039.00","535","Toronto","0039.00",960.00,225.00,63600.00
"5350040.00","535","Toronto","0040.00",1020.00,355.00,90000.00
"5350041.00","535","Toronto","0041.00",820.00,275.00,97000.00
"5350042.00","535","Toronto","0042.00",1130.00,380.00,86000.00
"5350043.00","535","Toronto","0043.00",1035.00,380.00,96000.00
"5350044.01","535","Toronto","0044.01",1295.00,470.00,95000.00
"5350044.02","535","Toronto","0044.02",1210.00,430.00,80000.00
"5350045.00","535","Toronto","0045.00",925.00,305.00,85000.00
"5350046.00","535","Toronto","0046.00",925.00,290.00,83000.00
"5350047.02","535","Toronto","0047.02",950.00,305.00,54400.00
"5350047.03","535","Toronto","0047.03",300.00,150.00,115000.00
"5350047.04","535","Toronto","0047.04",625.00,235.00,114000.00
"5350048.00","535","Toronto","0048.00",900.00,390.00,93000.00
"5350049.00","535","Toronto","0049.00",810.00,405.00,106000.00
"5350050.01","535","Toronto","0050.01",2040.00,1135.00,103000.00
"5350050.03","535","Toronto","0050.03",310.00,180.00,106000.00
"5350050.04","535","Toronto","0050.04",1115.00,590.00,90000.00
"5350051.00","535","Toronto","0051.00",1220.00,500.00,102000.00
"5350052.00","535","Toronto","0052.00",980.00,445.00,104000.00
"5350053.00","535","Toronto","0053.00",1650.00,665.00,84000.00
"5350054.00","535","Toronto","0054.00",1440.00,560.00,72500.00
"5350055.00","535","Toronto","0055.00",715.00,200.00,87000.00
"5350056.00","535","Toronto","0056.00",1120.00,435.00,94000.00
"5350057.00","535","Toronto","0057.00",665.00,270.00,84000.00
"5350058.00","535","Toronto","0058.00",890.00,270.00,85000.00
"5350059.00","535","Toronto","0059.00",735.00,225.00,96000.00
"5350060.00","535","Toronto","0060.00",535.00,170.00,80000.00
"5350061.00","535","Toronto","0061.00",185.00,50.00,44400.00
"5350062.01","535","Toronto","0062.01",850.00,170.00,64000.00
"5350062.03","535","Toronto","0062.03",760.00,195.00,62400.00
"5350062.04","535","Toronto","0062.04",1970.00,440.00,52800.00
"5350063.03","535","Toronto","0063.03",1375.00,330.00,70000.00
"5350063.04","535","Toronto","0063.04",1275.00,285.00,53600.00
"5350063.05","535","Toronto","0063.05",1625.00,350.00,60400.00
"5350063.06","535","Toronto","0063.06",1360.00,285.00,57200.00
"5350064.00","535","Toronto","0064.00",1355.00,335.00,80000.00
"5350065.01","535","Toronto","0065.01",915.00,180.00,60800.00
"5350065.02","535","Toronto","0065.02",3490.00,810.00,50400.00
"5350066.00","535","Toronto","0066.00",2015.00,450.00,67000.00
"5350067.00","535","Toronto","0067.00",350.00,155.00,153000.00
"5350068.00","535","Toronto","0068.00",590.00,145.00,101000.00
"5350069.00","535","Toronto","0069.00",1000.00,470.00,135000.00
"5350070.00","535","Toronto","0070.00",825.00,280.00,83000.00
"5350071.00","535","Toronto","0071.00",775.00,270.00,109000.00
"5350072.01","535","Toronto","0072.01",1065.00,410.00,73000.00
"5350072.02","535","Toronto","0072.02",715.00,325.00,106000.00
"5350073.00","535","Toronto","0073.00",610.00,290.00,94000.00
"5350074.00","535","Toronto","0074.00",930.00,470.00,90000.00
"5350075.00","535","Toronto","0075.00",820.00,325.00,89000.00
"5350076.00","535","Toronto","0076.00",920.00,425.00,97000.00
"5350077.00","535","Toronto","0077.00",995.00,480.00,110000.00
"5350078.00","535","Toronto","0078.00",1355.00,715.00,87000.00
"5350079.00","535","Toronto","0079.00",1755.00,930.00,126000.00
"5350080.01","535","Toronto","0080.01",1000.00,460.00,93000.00
"5350080.02","535","Toronto","0080.02",1390.00,460.00,63600.00
"5350081.00","535","Toronto","0081.00",565.00,190.00,112000.00
"5350082.00","535","Toronto","0082.00",595.00,205.00,115000.00
"5350083.00","535","Toronto","0083.00",875.00,435.00,76500.00
"5350084.00","535","Toronto","0084.00",685.00,290.00,118000.00
"5350085.00","535","Toronto","0085.00",880.00,365.00,76000.00
"5350086.00","535","Toronto","0086.00",595.00,355.00,278000.00
"5350087.00","535","Toronto","0087.00",935.00,460.00,151000.00
"5350088.00","535","Toronto","0088.00",590.00,155.00,90000.00
"5350089.00","535","Toronto","0089.00",1060.00,435.00,84000.00
"5350090.00","535","Toronto","0090.00",1000.00,400.00,95000.00
"5350091.01","535","Toronto","0091.01",1360.00,455.00,82000.00
"5350091.02","535","Toronto","0091.02",745.00,255.00,68500.00
"5350092.00","535","Toronto","0092.00",1825.00,485.00,84000.00
"5350093.00","535","Toronto","0093.00",1180.00,375.00,102000.00
"5350094.00","535","Toronto","0094.00",1460.00,625.00,90000.00
"5350095.00","535","Toronto","0095.00",715.00,260.00,88000.00
"5350096.01","535","Toronto","0096.01",425.00,195.00,93000.00
"5350096.02","535","Toronto","0096.02",895.00,350.00,85000.00
"5350097.01","535","Toronto","0097.01",1120.00,405.00,81000.00
"5350097.03","535","Toronto","0097.03",690.00,250.00,54800.00
"5350097.04","535","Toronto","0097.04",1685.00,685.00,83000.00
"5350098.00","535","Toronto","0098.00",1890.00,855.00,91000.00
"5350099.00","535","Toronto","0099.00",1815.00,690.00,74500.00
"5350100.00","535","Toronto","0100.00",785.00,320.00,89000.00
"5350101.00","535","Toronto","0101.00",940.00,440.00,91000.00
"5350102.02","535","Toronto","0102.02",1290.00,475.00,67000.00
"5350102.03","535","Toronto","0102.03",1090.00,445.00,76000.00
"5350102.04","535","Toronto","0102.04",160.00,65.00,110000.00
"5350102.05","535","Toronto","0102.05",215.00,125.00,114000.00
"5350103.00","535","Toronto","0103.00",1190.00,555.00,125000.00
"5350104.00","535","Toronto","0104.00",1290.00,635.00,150000.00
"5350105.00","535","Toronto","0105.00",1195.00,565.00,103000.00
"5350106.00","535","Toronto","0106.00",1120.00,540.00,100000.00
"5350107.00","535","Toronto","0107.00",1665.00,865.00,99000.00
"5350108.00","535","Toronto","0108.00",1595.00,815.00,68500.00
"5350109.00","535","Toronto","0109.00",1540.00,745.00,102000.00
"5350110.00","535","Toronto","0110.00",1045.00,485.00,90000.00
"5350111.00","535","Toronto","0111.00",815.00,425.00,101000.00
"5350112.00","535","Toronto","0112.00",1520.00,745.00,93000.00
"5350113.00","535","Toronto","0113.00",770.00,345.00,93000.00
"5350114.00","535","Toronto","0114.00",1150.00,500.00,79500.00
"5350115.00","535","Toronto","0115.00",1105.00,515.00,85000.00
"5350116.00","535","Toronto","0116.00",895.00,340.00,93000.00
"5350117.00","535","Toronto","0117.00",540.00,215.00,112000.00
"5350118.00","535","Toronto","0118.00",880.00,390.00,104000.00
"5350119.00","535","Toronto","0119.00",1195.00,505.00,102000.00
"5350120.00","535","Toronto","0120.00",265.00,120.00,178000.00
"5350121.00","535","Toronto","0121.00",660.00,315.00,114000.00
"5350122.00","535","Toronto","0122.00",1480.00,645.00,97000.00
"5350123.00","535","Toronto","0123.00",760.00,280.00,70000.00
"5350124.00","535","Toronto","0124.00",1100.00,405.00,92000.00
"5350125.00","535","Toronto","0125.00",680.00,400.00,258000.00
"5350126.00","535","Toronto","0126.00",860.00,475.00,144000.00
"5350127.00","535","Toronto","0127.00",1025.00,595.00,134000.00
"5350128.02","535","Toronto","0128.02",3220.00,1165.00,82000.00
"5350128.04","535","Toronto","0128.04",1240.00,515.00,80000.00
"5350128.05","535","Toronto","0128.05",235.00,95.00,102000.00
"5350128.06","535","Toronto","0128.06",1360.00,385.00,73500.00
"5350129.00","535","Toronto","0129.00",1315.00,605.00,110000.00
"5350130.00","535","Toronto","0130.00",785.00,485.00,196000.00
"5350131.00","535","Toronto","0131.00",1340.00,790.00,118000.00
"5350132.00","535","Toronto","0132.00",1655.00,860.00,119000.00
"5350133.00","535","Toronto","0133.00",2160.00,1005.00,77500.00
"5350134.00","535","Toronto","0134.00",570.00,355.00,170000.00
"5350135.00","535","Toronto","0135.00",1630.00,680.00,82000.00
"5350136.01","535","Toronto","0136.01",2380.00,845.00,70000.00
"5350136.02","535","Toronto","0136.02",2160.00,715.00,70000.00
"5350137.00","535","Toronto","0137.00",1680.00,820.00,89000.00
"5350138.00","535","Toronto","0138.00",615.00,330.00,194000.00
"5350139.01","535","Toronto","0139.01",920.00,475.00,112000.00
"5350139.02","535","Toronto","0139.02",455.00,245.00,198000.00
"5350140.00","535","Toronto","0140.00",480.00,310.00,286000.00
"5350141.01","535","Toronto","0141.01",1035.00,520.00,168000.00
"5350141.02","535","Toronto","0141.02",915.00,600.00,188000.00
"5350142.00","535","Toronto","0142.00",1070.00,595.00,151000.00
"5350150.00","535","Toronto","0150.00",865.00,515.00,164000.00
"5350151.00","535","Toronto","0151.00",890.00,455.00,66000.00
"5350152.00","535","Toronto","0152.00",1025.00,595.00,130000.00
"5350153.00","535","Toronto","0153.00",1505.00,845.00,88000.00
"5350154.00","535","Toronto","0154.00",1960.00,1185.00,75000.00
"5350155.00","535","Toronto","0155.00",895.00,490.00,59600.00
"5350156.01","535","Toronto","0156.01",1720.00,910.00,55200.00
"5350156.02","535","Toronto","0156.02",1025.00,590.00,78000.00
"5350157.00","535","Toronto","0157.00",965.00,525.00,72000.00
"5350158.00","535","Toronto","0158.00",1055.00,505.00,57600.00
"5350159.01","535","Toronto","0159.01",1185.00,655.00,83000.00
"5350159.02","535","Toronto","0159.02",1780.00,980.00,88000.00
"5350160.00","535","Toronto","0160.00",1280.00,720.00,89000.00
"5350161.00","535","Toronto","0161.00",2440.00,1140.00,86000.00
"5350162.00","535","Toronto","0162.00",1605.00,755.00,77000.00
"5350163.00","535","Toronto","0163.00",1290.00,625.00,85000.00
"5350164.00","535","Toronto","0164.00",1815.00,780.00,89000.00
"5350165.00","535","Toronto","0165.00",1175.00,495.00,93000.00
"5350166.00","535","Toronto","0166.00",1060.00,620.00,115000.00
"5350167.01","535","Toronto","0167.01",515.00,170.00,74000.00
"5350167.02","535","Toronto","0167.02",1590.00,525.00,70000.00
"5350168.00","535","Toronto","0168.00",1730.00,640.00,64500.00
"5350169.01","535","Toronto","0169.01",1255.00,555.00,84000.00
"5350169.02","535","Toronto","0169.02",2575.00,1155.00,79000.00
"5350170.00","535","Toronto","0170.00",1270.00,690.00,84000.00
"5350171.00","535","Toronto","0171.00",1220.00,595.00,65500.00
"5350172.00","535","Toronto","0172.00",880.00,410.00,59200.00
"5350173.00","535","Toronto","0173.00",1180.00,630.00,63200.00
"5350174.00","535","Toronto","0174.00",2490.00,1440.00,73000.00
"5350175.01","535","Toronto","0175.01",1855.00,1100.00,61200.00
"5350175.02","535","Toronto","0175.02",2660.00,1415.00,56400.00
"5350176.00","535","Toronto","0176.00",1450.00,960.00,97000.00
"5350180.00","535","Toronto","0180.00",1820.00,750.00,70000.00
"5350181.01","535","Toronto","0181.01",1170.00,565.00,110000.00
"5350181.02","535","Toronto","0181.02",920.00,470.00,82000.00
"5350182.00","535","Toronto","0182.00",1470.00,750.00,117000.00
"5350183.01","535","Toronto","0183.01",545.00,350.00,106000.00
"5350183.02","535","Toronto","0183.02",890.00,445.00,119000.00
"5350184.01","535","Toronto","0184.01",1320.00,525.00,74500.00
"5350184.02","535","Toronto","0184.02",990.00,470.00,82000.00
"5350185.01","535","Toronto","0185.01",2085.00,830.00,66500.00
"5350185.02","535","Toronto","0185.02",1170.00,515.00,71500.00
"5350186.00","535","Toronto","0186.00",520.00,380.00,159000.00
"5350187.00","535","Toronto","0187.00",905.00,615.00,118000.00
"5350188.00","535","Toronto","0188.00",470.00,300.00,108000.00
"5350189.00","535","Toronto","0189.00",1470.00,810.00,74000.00
"5350190.01","535","Toronto","0190.01",2520.00,955.00,67000.00
"5350190.02","535","Toronto","0190.02",1410.00,660.00,64500.00
"5350191.00","535","Toronto","0191.00",1235.00,745.00,88000.00
"5350192.00","535","Toronto","0192.00",215.00,105.00,56000.00
"5350193.00","535","Toronto","0193.00",865.00,620.00,116000.00
"5350194.01","535","Toronto","0194.01",1660.00,935.00,65500.00
"5350194.02","535","Toronto","0194.02",1100.00,560.00,68500.00
"5350194.03","535","Toronto","0194.03",755.00,285.00,51200.00
"5350194.04","535","Toronto","0194.04",1440.00,810.00,76000.00
"5350195.01","535","Toronto","0195.01",1015.00,630.00,153000.00
"5350195.02","535","Toronto","0195.02",555.00,330.00,141000.00
"5350196.01","535","Toronto","0196.01",400.00,250.00,138000.00
"5350196.02","535","Toronto","0196.02",1165.00,705.00,148000.00
"5350200.01","535","Toronto","0200.01",1750.00,900.00,68000.00
"5350200.02","535","Toronto","0200.02",305.00,155.00,54400.00
"5350201.00","535","Toronto","0201.00",1545.00,1020.00,80000.00
"5350202.00","535","Toronto","0202.00",515.00,370.00,112000.00
"5350203.00","535","Toronto","0203.00",1220.00,715.00,90000.00
"5350204.00","535","Toronto","0204.00",1220.00,825.00,77500.00
"5350205.00","535","Toronto","0205.00",,,
"5350206.01","535","Toronto","0206.01",1725.00,1020.00,84000.00
"5350206.02","535","Toronto","0206.02",1980.00,1340.00,81000.00
"5350207.00","535","Toronto","0207.00",900.00,535.00,77500.00
"5350208.00","535","Toronto","0208.00",1390.00,695.00,57600.00
"5350209.00","535","Toronto","0209.00",760.00,480.00,61600.00
"5350210.01","535","Toronto","0210.01",775.00,475.00,136000.00
"5350210.03","535","Toronto","0210.03",2355.00,1740.00,91000.00
"5350210.04","535","Toronto","0210.04",2910.00,2135.00,89000.00
"5350211.00","535","Toronto","0211.00",2385.00,1725.00,101000.00
"5350212.00","535","Toronto","0212.00",1790.00,1245.00,114000.00
"5350213.01","535","Toronto","0213.01",715.00,480.00,114000.00
"5350213.02","535","Toronto","0213.02",2155.00,1300.00,90000.00
"5350214.00","535","Toronto","0214.00",2215.00,1500.00,99000.00
"5350215.00","535","Toronto","0215.00",2155.00,1410.00,107000.00
"5350216.00","535","Toronto","0216.00",1325.00,900.00,140000.00
"5350217.00","535","Toronto","0217.00",2135.00,1300.00,62800.00
"5350218.00","535","Toronto","0218.00",500.00,285.00,174000.00
"5350219.00","535","Toronto","0219.00",985.00,615.00,136000.00
"5350220.00","535","Toronto","0220.00",1135.00,815.00,103000.00
"5350221.01","535","Toronto","0221.01",1485.00,1105.00,106000.00
"5350221.02","535","Toronto","0221.02",1805.00,1180.00,81000.00
"5350222.01","535","Toronto","0222.01",2150.00,1550.00,99000.00
"5350222.02","535","Toronto","0222.02",1300.00,870.00,87000.00
"5350223.01","535","Toronto","0223.01",430.00,350.00,160000.00
"5350223.02","535","Toronto","0223.02",505.00,370.00,147000.00
"5350224.00","535","Toronto","0224.00",465.00,375.00,190000.00
"5350225.01","535","Toronto","0225.01",1500.00,790.00,93000.00
"5350225.02","535","Toronto","0225.02",3620.00,1740.00,72000.00
"5350226.00","535","Toronto","0226.00",645.00,435.00,196000.00
"5350227.00","535","Toronto","0227.00",390.00,250.00,228000.00
"5350228.00","535","Toronto","0228.00",600.00,395.00,142000.00
"5350229.00","535","Toronto","0229.00",255.00,210.00,258000.00
"5350230.01","535","Toronto","0230.01",635.00,445.00,101000.00
"5350230.02","535","Toronto","0230.02",2115.00,1485.00,85000.00
"5350231.00","535","Toronto","0231.00",1660.00,1150.00,129000.00
"5350232.00","535","Toronto","0232.00",960.00,760.00,208000.00
"5350233.00","535","Toronto","0233.00",1515.00,1090.00,131000.00
"5350234.00","535","Toronto","0234.00",1315.00,930.00,120000.00
"5350235.01","535","Toronto","0235.01",825.00,650.00,129000.00
"5350235.02","535","Toronto","0235.02",1620.00,1120.00,94000.00
"5350236.01","535","Toronto","0236.01",2220.00,1500.00,86000.00
"5350236.02","535","Toronto","0236.02",1785.00,1250.00,106000.00
"5350237.01","535","Toronto","0237.01",2000.00,1290.00,74000.00
"5350237.02","535","Toronto","0237.02",920.00,620.00,110000.00
"5350237.03","535","Toronto","0237.03",1755.00,1175.00,78500.00
"5350238.01","535","Toronto","0238.01",940.00,730.00,130000.00
"5350238.02","535","Toronto","0238.02",1800.00,1235.00,83000.00
"5350239.00","535","Toronto","0239.00",1965.00,1275.00,84000.00
"5350240.01","535","Toronto","0240.01",835.00,630.00,133000.00
"5350240.02","535","Toronto","0240.02",1655.00,1085.00,78000.00
"5350241.00","535","Toronto","0241.00",980.00,705.00,120000.00
"5350242.00","535","Toronto","0242.00",425.00,290.00,72000.00
"5350243.01","535","Toronto","0243.01",1710.00,1135.00,71500.00
"5350243.02","535","Toronto","0243.02",1220.00,805.00,79500.00
"5350244.01","535","Toronto","0244.01",1215.00,870.00,93000.00
"5350244.02","535","Toronto","0244.02",1750.00,1055.00,75000.00
"5350245.00","535","Toronto","0245.00",2505.00,1605.00,73500.00
"5350246.00","535","Toronto","0246.00",1175.00,750.00,85000.00
"5350247.01","535","Toronto","0247.01",3480.00,2330.00,88000.00
"5350247.02","535","Toronto","0247.02",2585.00,1805.00,94000.00
"5350248.02","535","Toronto","0248.02",1475.00,835.00,62000.00
"5350248.03","535","Toronto","0248.03",1190.00,680.00,99000.00
"5350248.04","535","Toronto","0248.04",1960.00,1180.00,88000.00
"5350248.05","535","Toronto","0248.05",1565.00,830.00,89000.00
"5350249.01","535","Toronto","0249.01",1670.00,1225.00,102000.00
"5350249.03","535","Toronto","0249.03",2140.00,1365.00,97000.00
"5350249.04","535","Toronto","0249.04",1015.00,685.00,93000.00
"5350249.05","535","Toronto","0249.05",1725.00,955.00,72500.00
"5350250.01","535","Toronto","0250.01",1625.00,1045.00,87000.00
"5350250.02","535","Toronto","0250.02",1740.00,1210.00,85000.00
"5350250.04","535","Toronto","0250.04",2115.00,1315.00,75500.00
"5350250.05","535","Toronto","0250.05",2120.00,1375.00,74000.00
"5350260.01","535","Toronto","0260.01",2040.00,1000.00,74000.00
"5350260.04","535","Toronto","0260.04",1000.00,550.00,62400.00
"5350260.05","535","Toronto","0260.05",870.00,440.00,55200.00
"5350260.06","535","Toronto","0260.06",1440.00,690.00,75500.00
"5350260.07","535","Toronto","0260.07",1060.00,625.00,81000.00
"5350261.00","535","Toronto","0261.00",1325.00,680.00,60800.00
"5350262.01","535","Toronto","0262.01",1825.00,1025.00,67500.00
"5350262.02","535","Toronto","0262.02",1825.00,1180.00,75000.00
"5350263.02","535","Toronto","0263.02",995.00,705.00,90000.00
"5350263.03","535","Toronto","0263.03",1550.00,895.00,80000.00
"5350263.04","535","Toronto","0263.04",1505.00,975.00,76000.00
"5350264.00","535","Toronto","0264.00",330.00,255.00,226000.00
"5350265.00","535","Toronto","0265.00",910.00,650.00,204000.00
"5350266.00","535","Toronto","0266.00",650.00,490.00,248000.00
"5350267.00","535","Toronto","0267.00",1380.00,1030.00,157000.00
"5350268.00","535","Toronto","0268.00",1405.00,935.00,96000.00
"5350269.01","535","Toronto","0269.01",1635.00,880.00,72500.00
"5350269.02","535","Toronto","0269.02",635.00,485.00,139000.00
"5350270.01","535","Toronto","0270.01",1310.00,865.00,85000.00
"5350270.02","535","Toronto","0270.02",1210.00,780.00,92000.00
"5350271.01","535","Toronto","0271.01",630.00,455.00,109000.00
"5350271.02","535","Toronto","0271.02",1390.00,770.00,84000.00
"5350272.01","535","Toronto","0272.01",2015.00,1065.00,71500.00
"5350272.02","535","Toronto","0272.02",1440.00,920.00,90000.00
"5350273.01","535","Toronto","0273.01",880.00,635.00,151000.00
"5350273.02","535","Toronto","0273.02",925.00,595.00,130000.00
"5350274.01","535","Toronto","0274.01",1220.00,830.00,103000.00
"5350274.02","535","Toronto","0274.02",1180.00,815.00,107000.00
"5350275.00","535","Toronto","0275.00",1375.00,785.00,139000.00
"5350276.01","535","Toronto","0276.01",1575.00,1025.00,105000.00
"5350276.02","535","Toronto","0276.02",1555.00,1050.00,164000.00
"5350277.00","535","Toronto","0277.00",960.00,610.00,170000.00
"5350278.00","535","Toronto","0278.00",1980.00,1065.00,93000.00
"5350279.01","535","Toronto","0279.01",1430.00,700.00,91000.00
"5350279.02","535","Toronto","0279.02",1875.00,1060.00,74500.00
"5350280.00","535","Toronto","0280.00",2555.00,1520.00,70000.00
"5350281.01","535","Toronto","0281.01",2090.00,1275.00,74000.00
"5350281.02","535","Toronto","0281.02",1250.00,730.00,79000.00
"5350282.00","535","Toronto","0282.00",1515.00,1125.00,104000.00
"5350283.01","535","Toronto","0283.01",1725.00,850.00,69000.00
"5350283.02","535","Toronto","0283.02",1110.00,740.00,58400.00
"5350284.00","535","Toronto","0284.00",2330.00,1345.00,81000.00
"5350285.00","535","Toronto","0285.00",1085.00,730.00,86000.00
"5350286.00","535","Toronto","0286.00",1980.00,1095.00,78000.00
"5350287.02","535","Toronto","0287.02",2380.00,1010.00,80000.00
"5350287.03","535","Toronto","0287.03",665.00,285.00,54800.00
"5350287.04","535","Toronto","0287.04",1310.00,580.00,72000.00
"5350288.00","535","Toronto","0288.00",3960.00,2025.00,83000.00
"5350289.00","535","Toronto","0289.00",1735.00,1015.00,86000.00
"5350290.01","535","Toronto","0290.01",1470.00,750.00,68000.00
"5350290.02","535","Toronto","0290.02",650.00,375.00,78000.00
"5350291.02","535","Toronto","0291.02",1735.00,1045.00,68000.00
"5350291.03","535","Toronto","0291.03",985.00,620.00,74500.00
"5350291.04","535","Toronto","0291.04",630.00,310.00,70500.00
"5350292.00","535","Toronto","0292.00",3215.00,1845.00,79000.00
"5350293.00","535","Toronto","0293.00",2345.00,1585.00,99000.00
"5350294.01","535","Toronto","0294.01",1390.00,895.00,76500.00
"5350294.02","535","Toronto","0294.02",1550.00,960.00,91000.00
"5350295.00","535","Toronto","0295.00",2065.00,1155.00,80000.00
"5350296.00","535","Toronto","0296.00",620.00,370.00,105000.00
"5350297.01","535","Toronto","0297.01",2390.00,1315.00,85000.00
"5350297.02","535","Toronto","0297.02",1990.00,1275.00,97000.00
"5350298.00","535","Toronto","0298.00",1355.00,830.00,121000.00
"5350299.01","535","Toronto","0299.01",1670.00,965.00,119000.00
"5350299.02","535","Toronto","0299.02",1120.00,535.00,78500.00
"5350300.01","535","Toronto","0300.01",1005.00,495.00,69500.00
"5350300.02","535","Toronto","0300.02",1975.00,1180.00,88000.00
"5350300.03","535","Toronto","0300.03",570.00,320.00,102000.00
"5350301.01","535","Toronto","0301.01",800.00,480.00,104000.00
"5350301.03","535","Toronto","0301.03",2495.00,1085.00,77000.00
"5350301.04","535","Toronto","0301.04",2595.00,1450.00,76500.00
"5350302.01","535","Toronto","0302.01",1500.00,1055.00,93000.00
"5350302.02","535","Toronto","0302.02",1485.00,875.00,87000.00
"5350302.03","535","Toronto","0302.03",1115.00,740.00,86000.00
"5350303.00","535","Toronto","0303.00",1930.00,890.00,75000.00
"5350304.01","535","Toronto","0304.01",1325.00,755.00,75500.00
"5350304.02","535","Toronto","0304.02",1130.00,755.00,111000.00
"5350304.03","535","Toronto","0304.03",710.00,450.00,116000.00
"5350304.04","535","Toronto","0304.04",1155.00,540.00,76500.00
"5350304.05","535","Toronto","0304.05",590.00,400.00,89000.00
"5350304.06","535","Toronto","0304.06",1415.00,955.00,85000.00
"5350305.01","535","Toronto","0305.01",795.00,580.00,132000.00
"5350305.03","535","Toronto","0305.03",1220.00,710.00,86000.00
"5350305.05","535","Toronto","0305.05",1755.00,1030.00,75500.00
"5350305.06","535","Toronto","0305.06",1240.00,790.00,69000.00
"5350306.01","535","Toronto","0306.01",905.00,595.00,95000.00
"5350306.02","535","Toronto","0306.02",1150.00,795.00,104000.00
"5350307.03","535","Toronto","0307.03",1105.00,530.00,69000.00
"5350307.04","535","Toronto","0307.04",1570.00,730.00,79000.00
"5350307.05","535","Toronto","0307.05",1070.00,505.00,68000.00
"5350307.06","535","Toronto","0307.06",1180.00,660.00,76000.00
"5350307.07","535","Toronto","0307.07",1430.00,800.00,90000.00
"5350308.02","535","Toronto","0308.02",1185.00,680.00,105000.00
"5350308.03","535","Toronto","0308.03",285.00,175.00,137000.00
"5350308.05","535","Toronto","0308.05",550.00,315.00,108000.00
"5350308.06","535","Toronto","0308.06",1455.00,730.00,68500.00
"5350308.07","535","Toronto","0308.07",850.00,470.00,56000.00
"5350309.00","535","Toronto","0309.00",2340.00,1055.00,76500.00
"5350310.01","535","Toronto","0310.01",925.00,680.00,121000.00
"5350310.02","535","Toronto","0310.02",1820.00,1015.00,88000.00
"5350311.02","535","Toronto","0311.02",2190.00,1220.00,71500.00
"5350311.03","535","Toronto","0311.03",705.00,455.00,84000.00
"5350311.04","535","Toronto","0311.04",2300.00,1230.00,81000.00
"5350311.05","535","Toronto","0311.05",2790.00,1195.00,75000.00
"5350311.06","535","Toronto","0311.06",2015.00,975.00,73500.00
"5350312.02","535","Toronto","0312.02",1175.00,620.00,75000.00
"5350312.03","535","Toronto","0312.03",2220.00,1245.00,76500.00
"5350312.04","535","Toronto","0312.04",1750.00,970.00,68000.00
"5350312.05","535","Toronto","0312.05",1040.00,500.00,58800.00
"5350312.06","535","Toronto","0312.06",1205.00,710.00,75000.00
"5350312.07","535","Toronto","0312.07",920.00,655.00,54800.00
"5350313.00","535","Toronto","0313.00",1945.00,1230.00,85000.00
"5350314.01","535","Toronto","0314.01",2310.00,1240.00,66500.00
"5350314.02","535","Toronto","0314.02",1705.00,990.00,86000.00
"5350315.01","535","Toronto","0315.01",1105.00,800.00,95000.00
"5350315.02","535","Toronto","0315.02",930.00,615.00,69500.00
"5350315.03","535","Toronto","0315.03",1920.00,1290.00,78500.00
"5350316.01","535","Toronto","0316.01",1310.00,950.00,83000.00
"5350316.03","535","Toronto","0316.03",1815.00,905.00,65500.00
"5350316.04","535","Toronto","0316.04",1160.00,605.00,50000.00
"5350316.05","535","Toronto","0316.05",1310.00,650.00,70500.00
"5350316.06","535","Toronto","0316.06",935.00,480.00,63600.00
"5350317.02","535","Toronto","0317.02",2450.00,1150.00,59200.00
"5350317.03","535","Toronto","0317.03",1060.00,660.00,106000.00
"5350317.04","535","Toronto","0317.04",2315.00,1195.00,80000.00
"5350317.05","535","Toronto","0317.05",710.00,350.00,88000.00
"5350318.01","535","Toronto","0318.01",1580.00,775.00,93000.00
"5350318.02","535","Toronto","0318.02",1355.00,620.00,72500.00
"5350319.00","535","Toronto","0319.00",1240.00,690.00,82000.00
"5350320.01","535","Toronto","0320.01",1795.00,800.00,65000.00
"5350320.02","535","Toronto","0320.02",2035.00,925.00,81000.00
"5350321.01","535","Toronto","0321.01",1085.00,700.00,103000.00
"5350321.02","535","Toronto","0321.02",1080.00,650.00,85000.00
"5350322.01","535","Toronto","0322.01",1205.00,560.00,70000.00
"5350322.02","535","Toronto","0322.02",835.00,495.00,78000.00
"5350323.01","535","Toronto","0323.01",1145.00,670.00,87000.00
"5350323.02","535","Toronto","0323.02",1065.00,755.00,101000.00
"5350324.01","535","Toronto","0324.01",760.00,505.00,91000.00
"5350324.02","535","Toronto","0324.02",1350.00,865.00,87000.00
"5350324.03","535","Toronto","0324.03",670.00,490.00,84000.00
"5350324.05","535","Toronto","0324.05",805.00,505.00,72500.00
"5350324.06","535","Toronto","0324.06",815.00,565.00,100000.00
"5350330.00","535","Toronto","0330.00",1015.00,685.00,102000.00
"5350331.01","535","Toronto","0331.01",1450.00,860.00,102000.00
"5350331.03","535","Toronto","0331.03",1640.00,800.00,72000.00
"5350331.04","535","Toronto","0331.04",1085.00,645.00,88000.00
"5350332.00","535","Toronto","0332.00",2095.00,1115.00,63200.00
"5350333.00","535","Toronto","0333.00",1395.00,900.00,106000.00
"5350334.00","535","Toronto","0334.00",935.00,640.00,125000.00
"5350335.00","535","Toronto","0335.00",2315.00,1325.00,75500.00
"5350336.00","535","Toronto","0336.00",2125.00,1305.00,96000.00
"5350337.01","535","Toronto","0337.01",340.00,215.00,65000.00
"5350337.02","535","Toronto","0337.02",510.00,355.00,65000.00
"5350338.00","535","Toronto","0338.00",1665.00,1135.00,91000.00
"5350339.00","535","Toronto","0339.00",1725.00,1035.00,100000.00
"5350340.00","535","Toronto","0340.00",2170.00,1150.00,78500.00
"5350341.02","535","Toronto","0341.02",1220.00,675.00,68500.00
"5350341.03","535","Toronto","0341.03",680.00,295.00,48800.00
"5350341.04","535","Toronto","0341.04",1775.00,730.00,62000.00
"5350342.00","535","Toronto","0342.00",2495.00,1250.00,94000.00
"5350343.00","535","Toronto","0343.00",1140.00,615.00,75000.00
"5350344.01","535","Toronto","0344.01",1645.00,855.00,76000.00
"5350344.02","535","Toronto","0344.02",830.00,480.00,42400.00
"5350345.00","535","Toronto","0345.00",1310.00,695.00,91000.00
"5350346.01","535","Toronto","0346.01",1445.00,715.00,71500.00
"5350346.02","535","Toronto","0346.02",1810.00,770.00,76000.00
"5350347.00","535","Toronto","0347.00",1070.00,570.00,108000.00
"5350348.00","535","Toronto","0348.00",1600.00,940.00,98000.00
"5350349.00","535","Toronto","0349.00",1895.00,910.00,68000.00
"5350350.00","535","Toronto","0350.00",1655.00,1045.00,81000.00
"5350351.01","535","Toronto","0351.01",1685.00,860.00,72000.00
"5350351.02","535","Toronto","0351.02",925.00,415.00,74000.00
"5350352.00","535","Toronto","0352.00",1755.00,940.00,81000.00
"5350353.02","535","Toronto","0353.02",1700.00,1085.00,91000.00
"5350353.03","535","Toronto","0353.03",900.00,420.00,83000.00
"5350353.04","535","Toronto","0353.04",1295.00,675.00,67500.00
"5350354.00","535","Toronto","0354.00",1820.00,1070.00,90000.00
"5350355.02","535","Toronto","0355.02",1580.00,875.00,77500.00
"5350355.04","535","Toronto","0355.04",1765.00,845.00,76000.00
"5350355.05","535","Toronto","0355.05",1085.00,545.00,67000.00
"5350355.06","535","Toronto","0355.06",450.00,250.00,69500.00
"5350356.00","535","Toronto","0356.00",1555.00,915.00,99000.00
"5350357.01","535","Toronto","0357.01",1820.00,1065.00,57200.00
"5350357.02","535","Toronto","0357.02",1260.00,825.00,61200.00
"5350358.01","535","Toronto","0358.01",1095.00,710.00,95000.00
"5350358.02","535","Toronto","0358.02",1535.00,885.00,64500.00
"5350358.03","535","Toronto","0358.03",1690.00,885.00,58800.00
"5350359.00","535","Toronto","0359.00",2510.00,1465.00,67000.00
"5350360.00","535","Toronto","0360.00",2005.00,1360.00,107000.00
"5350361.01","535","Toronto","0361.01",1445.00,1145.00,138000.00
"5350361.02","535","Toronto","0361.02",2050.00,1455.00,132000.00
"5350362.01","535","Toronto","0362.01",1900.00,1355.00,96000.00
"5350362.02","535","Toronto","0362.02",1895.00,1380.00,126000.00
"5350362.03","535","Toronto","0362.03",2190.00,1490.00,117000.00
"5350362.04","535","Toronto","0362.04",1645.00,1060.00,89000.00
"5350363.02","535","Toronto","0363.02",1015.00,610.00,99000.00
"5350363.04","535","Toronto","0363.04",1430.00,895.00,107000.00
"5350363.05","535","Toronto","0363.05",1530.00,775.00,61200.00
"5350363.06","535","Toronto","0363.06",2275.00,1310.00,72500.00
"5350363.07","535","Toronto","0363.07",1465.00,750.00,55600.00
"5350364.01","535","Toronto","0364.01",1810.00,1100.00,89000.00
"5350364.02","535","Toronto","0364.02",1000.00,655.00,97000.00
"5350365.00","535","Toronto","0365.00",2755.00,1550.00,91000.00
"5350366.00","535","Toronto","0366.00",2125.00,1070.00,80000.00
"5350367.01","535","Toronto","0367.01",1395.00,790.00,82000.00
"5350367.02","535","Toronto","0367.02",1140.00,755.00,99000.00
"5350368.01","535","Toronto","0368.01",1810.00,1010.00,65000.00
"5350368.02","535","Toronto","0368.02",1170.00,760.00,75500.00
"5350369.00","535","Toronto","0369.00",2375.00,1475.00,88000.00
"5350370.01","535","Toronto","0370.01",3030.00,1640.00,68500.00
"5350370.02","535","Toronto","0370.02",1750.00,900.00,85000.00
"5350370.03","535","Toronto","0370.03",1435.00,855.00,92000.00
"5350371.00","535","Toronto","0371.00",2735.00,1655.00,90000.00
"5350372.00","535","Toronto","0372.00",1390.00,990.00,101000.00
"5350373.00","535","Toronto","0373.00",1620.00,890.00,82000.00
"5350374.01","535","Toronto","0374.01",1750.00,1070.00,94000.00
"5350374.02","535","Toronto","0374.02",1040.00,630.00,91000.00
"5350374.03","535","Toronto","0374.03",1080.00,645.00,64000.00
"5350375.01","535","Toronto","0375.01",1660.00,1010.00,54800.00
"5350375.02","535","Toronto","0375.02",500.00,355.00,118000.00
"5350375.03","535","Toronto","0375.03",1560.00,890.00,75500.00
"5350375.04","535","Toronto","0375.04",1750.00,1090.00,96000.00
"5350375.05","535","Toronto","0375.05",2035.00,1330.00,79500.00
"5350376.01","535","Toronto","0376.01",1255.00,770.00,79000.00
"5350376.02","535","Toronto","0376.02",1520.00,940.00,74500.00
"5350376.04","535","Toronto","0376.04",1400.00,910.00,80000.00
"5350376.05","535","Toronto","0376.05",1535.00,1040.00,82000.00
"5350376.06","535","Toronto","0376.06",0.00,0.00,35200.00
"5350376.08","535","Toronto","0376.08",1660.00,1085.00,82000.00
"5350376.09","535","Toronto","0376.09",1030.00,725.00,72000.00
"5350376.11","535","Toronto","0376.11",940.00,560.00,78000.00
"5350376.12","535","Toronto","0376.12",1450.00,965.00,86000.00
"5350376.13","535","Toronto","0376.13",755.00,545.00,74500.00
"5350376.14","535","Toronto","0376.14",900.00,620.00,95000.00
"5350376.15","535","Toronto","0376.15",750.00,510.00,75000.00
"5350376.16","535","Toronto","0376.16",1100.00,610.00,60800.00
"5350377.02","535","Toronto","0377.02",1200.00,845.00,91000.00
"5350377.03","535","Toronto","0377.03",630.00,420.00,98000.00
"5350377.04","535","Toronto","0377.04",1660.00,1135.00,90000.00
"5350377.06","535","Toronto","0377.06",935.00,680.00,91000.00
"5350377.07","535","Toronto","0377.07",1155.00,755.00,91000.00
"5350377.08","535","Toronto","0377.08",1465.00,945.00,84000.00
"5350377.09","535","Toronto","0377.09",1920.00,1270.00,70500.00
"5350378.02","535","Toronto","0378.02",995.00,545.00,87000.00
"5350378.03","535","Toronto","0378.03",2795.00,1770.00,91000.00
"5350378.04","535","Toronto","0378.04",1870.00,1155.00,86000.00
"5350378.05","535","Toronto","0378.05",1235.00,790.00,92000.00
"5350378.06","535","Toronto","0378.06",2010.00,1255.00,93000.00
"5350378.07","535","Toronto","0378.07",1940.00,1200.00,81000.00
"5350378.08","535","Toronto","0378.08",1915.00,1240.00,84000.00
"5350378.11","535","Toronto","0378.11",1940.00,1140.00,85000.00
"5350378.12","535","Toronto","0378.12",1690.00,955.00,70000.00
"5350378.14","535","Toronto","0378.14",1090.00,615.00,86000.00
"5350378.16","535","Toronto","0378.16",1765.00,1175.00,83000.00
"5350378.17","535","Toronto","0378.17",1100.00,725.00,100000.00
"5350378.18","535","Toronto","0378.18",715.00,465.00,56800.00
"5350378.19","535","Toronto","0378.19",1490.00,1025.00,96000.00
"5350378.20","535","Toronto","0378.20",470.00,325.00,60800.00
"5350378.21","535","Toronto","0378.21",860.00,615.00,92000.00
"5350378.22","535","Toronto","0378.22",855.00,615.00,93000.00
"5350378.23","535","Toronto","0378.23",1080.00,710.00,91000.00
"5350378.24","535","Toronto","0378.24",1525.00,1000.00,68500.00
"5350378.25","535","Toronto","0378.25",2585.00,1930.00,121000.00
"5350378.26","535","Toronto","0378.26",1675.00,1235.00,126000.00
"5350378.27","535","Toronto","0378.27",2070.00,1385.00,111000.00
"5350378.28","535","Toronto","0378.28",2195.00,1475.00,111000.00
"5350400.02","535","Toronto","0400.02",1645.00,1315.00,140000.00
"5350400.03","535","Toronto","0400.03",785.00,635.00,125000.00
"5350400.04","535","Toronto","0400.04",550.00,385.00,97000.00
"5350400.06","535","Toronto","0400.06",860.00,725.00,131000.00
"5350400.07","535","Toronto","0400.07",845.00,665.00,128000.00
"5350400.08","535","Toronto","0400.08",760.00,535.00,59600.00
"5350400.11","535","Toronto","0400.11",1800.00,1390.00,112000.00
"5350400.12","535","Toronto","0400.12",1730.00,1435.00,106000.00
"5350400.13","535","Toronto","0400.13",2020.00,1540.00,105000.00
"5350400.14","535","Toronto","0400.14",1760.00,1360.00,102000.00
"5350400.15","535","Toronto","0400.15",1415.00,1165.00,130000.00
"5350400.16","535","Toronto","0400.16",1595.00,1270.00,148000.00
"5350400.17","535","Toronto","0400.17",1425.00,1000.00,94000.00
"5350400.18","535","Toronto","0400.18",730.00,480.00,80000.00
"5350400.19","535","Toronto","0400.19",3180.00,2530.00,117000.00
"5350400.20","535","Toronto","0400.20",1615.00,1285.00,128000.00
"5350400.21","535","Toronto","0400.21",940.00,740.00,102000.00
"5350400.22","535","Toronto","0400.22",3025.00,2565.00,137000.00
"5350400.23","535","Toronto","0400.23",3195.00,2490.00,112000.00
"5350401.04","535","Toronto","0401.04",880.00,660.00,95000.00
"5350401.05","535","Toronto","0401.05",990.00,735.00,58800.00
"5350401.06","535","Toronto","0401.06",1335.00,1080.00,103000.00
"5350401.07","535","Toronto","0401.07",830.00,655.00,113000.00
"5350401.08","535","Toronto","0401.08",650.00,560.00,130000.00
"5350401.09","535","Toronto","0401.09",1720.00,1410.00,97000.00
"5350401.10","535","Toronto","0401.10",1020.00,825.00,122000.00
"5350401.11","535","Toronto","0401.11",1710.00,1410.00,102000.00
"5350401.13","535","Toronto","0401.13",1820.00,1335.00,69500.00
"5350401.14","535","Toronto","0401.14",1815.00,1525.00,135000.00
"5350401.15","535","Toronto","0401.15",670.00,530.00,89000.00
"5350401.17","535","Toronto","0401.17",800.00,635.00,100000.00
"5350401.18","535","Toronto","0401.18",2395.00,1985.00,64500.00
"5350401.19","535","Toronto","0401.19",1615.00,1235.00,83000.00
"5350401.20","535","Toronto","0401.20",1155.00,870.00,99000.00
"5350401.21","535","Toronto","0401.21",810.00,605.00,98000.00
"5350401.22","535","Toronto","0401.22",1890.00,1545.00,94000.00
"5350401.23","535","Toronto","0401.23",590.00,480.00,115000.00
"5350402.01","535","Toronto","0402.01",640.00,485.00,118000.00
"5350402.02","535","Toronto","0402.02",1890.00,1165.00,71000.00
"5350402.03","535","Toronto","0402.03",665.00,515.00,95000.00
"5350402.04","535","Toronto","0402.04",1230.00,945.00,121000.00
"5350402.05","535","Toronto","0402.05",550.00,435.00,147000.00
"5350402.06","535","Toronto","0402.06",1670.00,1120.00,81000.00
"5350402.07","535","Toronto","0402.07",580.00,430.00,110000.00
"5350402.08","535","Toronto","0402.08",1200.00,985.00,105000.00
"5350402.09","535","Toronto","0402.09",950.00,735.00,92000.00
"5350402.10","535","Toronto","0402.10",1105.00,820.00,102000.00
"5350402.12","535","Toronto","0402.12",1610.00,1265.00,68500.00
"5350402.13","535","Toronto","0402.13",1125.00,935.00,150000.00
"5350403.01","535","Toronto","0403.01",1875.00,1620.00,124000.00
"5350403.04","535","Toronto","0403.04",1035.00,845.00,127000.00
"5350403.05","535","Toronto","0403.05",1090.00,900.00,132000.00
"5350403.07","535","Toronto","0403.07",2760.00,2290.00,114000.00
"5350403.09","535","Toronto","0403.09",1225.00,970.00,117000.00
"5350403.10","535","Toronto","0403.10",1460.00,1125.00,100000.00
"5350403.11","535","Toronto","0403.11",2695.00,2220.00,120000.00
"5350403.12","535","Toronto","0403.12",2715.00,2120.00,136000.00
"5350403.13","535","Toronto","0403.13",1525.00,1225.00,103000.00
"5350403.14","535","Toronto","0403.14",2855.00,2300.00,102000.00
"5350403.15","535","Toronto","0403.15",3020.00,2520.00,121000.00
"5350403.16","535","Toronto","0403.16",1200.00,935.00,107000.00
"5350410.02","535","Toronto","0410.02",1395.00,840.00,113000.00
"5350410.03","535","Toronto","0410.03",1690.00,1255.00,120000.00
"5350410.04","535","Toronto","0410.04",945.00,685.00,129000.00
"5350410.05","535","Toronto","0410.05",1630.00,1375.00,170000.00
"5350410.07","535","Toronto","0410.07",915.00,680.00,137000.00
"5350410.09","535","Toronto","0410.09",1240.00,815.00,81000.00
"5350410.10","535","Toronto","0410.10",755.00,555.00,104000.00
"5350410.11","535","Toronto","0410.11",960.00,680.00,113000.00
"5350410.12","535","Toronto","0410.12",1865.00,1325.00,61200.00
"5350410.13","535","Toronto","0410.13",1760.00,1475.00,172000.00
"5350410.14","535","Toronto","0410.14",1675.00,1285.00,130000.00
"5350410.15","535","Toronto","0410.15",580.00,445.00,109000.00
"5350411.01","535","Toronto","0411.01",1705.00,1210.00,98000.00
"5350411.04","535","Toronto","0411.04",1660.00,1380.00,122000.00
"5350411.07","535","Toronto","0411.07",1555.00,1315.00,141000.00
"5350411.08","535","Toronto","0411.08",2805.00,1945.00,75500.00
"5350411.09","535","Toronto","0411.09",1930.00,1465.00,130000.00
"5350411.12","535","Toronto","0411.12",2075.00,1690.00,138000.00
"5350411.15","535","Toronto","0411.15",1520.00,1210.00,118000.00
"5350411.16","535","Toronto","0411.16",2290.00,1925.00,136000.00
"5350411.17","535","Toronto","0411.17",2430.00,2040.00,155000.00
"5350411.18","535","Toronto","0411.18",3145.00,2490.00,152000.00
"5350411.19","535","Toronto","0411.19",2500.00,2065.00,141000.00
"5350411.21","535","Toronto","0411.21",975.00,735.00,127000.00
"5350411.22","535","Toronto","0411.22",1800.00,1415.00,130000.00
"5350411.23","535","Toronto","0411.23",1520.00,1255.00,81000.00
"5350411.24","535","Toronto","0411.24",2465.00,1925.00,117000.00
"5350411.25","535","Toronto","0411.25",1115.00,920.00,124000.00
"5350411.26","535","Toronto","0411.26",1885.00,1580.00,142000.00
"5350411.27","535","Toronto","0411.27",1365.00,1150.00,150000.00
"5350411.28","535","Toronto","0411.28",1315.00,1030.00,144000.00
"5350411.29","535","Toronto","0411.29",1410.00,1210.00,138000.00
"5350411.30","535","Toronto","0411.30",1965.00,1660.00,144000.00
"5350412.01","535","Toronto","0412.01",2360.00,1990.00,103000.00
"5350412.02","535","Toronto","0412.02",3405.00,2895.00,87000.00
"5350412.04","535","Toronto","0412.04",1500.00,1300.00,123000.00
"5350412.06","535","Toronto","0412.06",1080.00,950.00,106000.00
"5350412.08","535","Toronto","0412.08",730.00,635.00,104000.00
"5350412.10","535","Toronto","0412.10",1910.00,1645.00,116000.00
"5350412.11","535","Toronto","0412.11",1485.00,1285.00,140000.00
"5350412.12","535","Toronto","0412.12",1325.00,1065.00,115000.00
"5350412.13","535","Toronto","0412.13",1685.00,1385.00,97000.00
"5350412.14","535","Toronto","0412.14",1255.00,1080.00,180000.00
"5350412.15","535","Toronto","0412.15",1800.00,1570.00,134000.00
"5350412.18","535","Toronto","0412.18",2345.00,2035.00,172000.00
"5350412.19","535","Toronto","0412.19",3250.00,2775.00,146000.00
"5350412.20","535","Toronto","0412.20",1975.00,1770.00,139000.00
"5350412.21","535","Toronto","0412.21",,,
"5350412.22","535","Toronto","0412.22",2900.00,2460.00,143000.00
"5350412.24","535","Toronto","0412.24",3115.00,2515.00,136000.00
"5350412.25","535","Toronto","0412.25",1820.00,1545.00,145000.00
"5350412.26","535","Toronto","0412.26",2045.00,1770.00,137000.00
"5350413.01","535","Toronto","0413.01",5405.00,4835.00,162000.00
"5350413.02","535","Toronto","0413.02",4555.00,3800.00,142000.00
"5350420.03","535","Toronto","0420.03",2050.00,1470.00,81000.00
"5350420.05","535","Toronto","0420.05",2105.00,1665.00,79500.00
"5350420.06","535","Toronto","0420.06",1260.00,1025.00,127000.00
"5350420.08","535","Toronto","0420.08",1170.00,890.00,67500.00
"5350420.09","535","Toronto","0420.09",1320.00,965.00,67000.00
"5350420.10","535","Toronto","0420.10",825.00,700.00,139000.00
"5350420.11","535","Toronto","0420.11",1390.00,1145.00,142000.00
"5350420.13","535","Toronto","0420.13",1715.00,1260.00,81000.00
"5350420.14","535","Toronto","0420.14",2790.00,2120.00,75500.00
"5350420.15","535","Toronto","0420.15",565.00,445.00,114000.00
"5350421.01","535","Toronto","0421.01",1925.00,1605.00,112000.00
"5350421.04","535","Toronto","0421.04",1160.00,865.00,77500.00
"5350421.05","535","Toronto","0421.05",945.00,735.00,117000.00
"5350421.06","535","Toronto","0421.06",1250.00,975.00,75500.00
"5350421.07","535","Toronto","0421.07",1145.00,940.00,119000.00
"5350422.02","535","Toronto","0422.02",2075.00,1540.00,72500.00
"5350422.03","535","Toronto","0422.03",1705.00,1335.00,128000.00
"5350422.04","535","Toronto","0422.04",915.00,735.00,119000.00
"5350422.05","535","Toronto","0422.05",1630.00,1265.00,120000.00
"5350422.06","535","Toronto","0422.06",1480.00,1020.00,63200.00
"5350423.01","535","Toronto","0423.01",810.00,620.00,115000.00
"5350423.02","535","Toronto","0423.02",2220.00,1705.00,112000.00
"5350424.04","535","Toronto","0424.04",655.00,550.00,127000.00
"5350424.05","535","Toronto","0424.05",2330.00,1810.00,98000.00
"5350424.07","535","Toronto","0424.07",2135.00,1795.00,125000.00
"5350424.08","535","Toronto","0424.08",2030.00,1710.00,137000.00
"5350424.09","535","Toronto","0424.09",1455.00,1200.00,122000.00
"5350424.10","535","Toronto","0424.10",1900.00,1530.00,142000.00
"5350424.11","535","Toronto","0424.11",2510.00,2045.00,117000.00
"5350424.13","535","Toronto","0424.13",1330.00,1055.00,116000.00
"5350424.14","535","Toronto","0424.14",3425.00,2875.00,131000.00
"5350424.15","535","Toronto","0424.15",2775.00,2360.00,120000.00
"5350424.16","535","Toronto","0424.16",2305.00,1885.00,136000.00
"5350430.03","535","Toronto","0430.03",1760.00,1510.00,123000.00
"5350430.05","535","Toronto","0430.05",2345.00,1975.00,131000.00
"5350430.06","535","Toronto","0430.06",2010.00,1650.00,134000.00
"5350430.07","535","Toronto","0430.07",3040.00,2620.00,113000.00
"5350430.08","535","Toronto","0430.08",1720.00,1410.00,112000.00
"5350431.01","535","Toronto","0431.01",1530.00,1355.00,117000.00
"5350431.02","535","Toronto","0431.02",2070.00,1830.00,132000.00
"5350440.00","535","Toronto","0440.00",2380.00,1915.00,127000.00
"5350441.02","535","Toronto","0441.02",1285.00,985.00,89000.00
"5350441.03","535","Toronto","0441.03",2170.00,1755.00,122000.00
"5350441.04","535","Toronto","0441.04",1825.00,1595.00,153000.00
"5350442.02","535","Toronto","0442.02",1325.00,1045.00,88000.00
"5350442.03","535","Toronto","0442.03",1535.00,1315.00,153000.00
"5350442.04","535","Toronto","0442.04",1015.00,840.00,111000.00
"5350442.05","535","Toronto","0442.05",2245.00,1910.00,118000.00
"5350442.06","535","Toronto","0442.06",4550.00,3800.00,122000.00
"5350450.02","535","Toronto","0450.02",910.00,690.00,83000.00
"5350450.03","535","Toronto","0450.03",2485.00,1975.00,109000.00
"5350450.05","535","Toronto","0450.05",1950.00,1640.00,124000.00
"5350450.06","535","Toronto","0450.06",2370.00,2045.00,148000.00
"5350451.01","535","Toronto","0451.01",670.00,555.00,84000.00
"5350451.02","535","Toronto","0451.02",1875.00,1400.00,73500.00
"5350451.03","535","Toronto","0451.03",2275.00,1820.00,105000.00
"5350451.05","535","Toronto","0451.05",1885.00,1545.00,127000.00
"5350451.06","535","Toronto","0451.06",2290.00,1950.00,128000.00
"5350451.07","535","Toronto","0451.07",1650.00,1380.00,132000.00
"5350452.01","535","Toronto","0452.01",1140.00,890.00,90000.00
"5350452.02","535","Toronto","0452.02",1850.00,1385.00,83000.00
"5350452.03","535","Toronto","0452.03",1760.00,1445.00,98000.00
"5350452.05","535","Toronto","0452.05",1920.00,1625.00,125000.00
"5350452.06","535","Toronto","0452.06",1650.00,1340.00,123000.00
"5350452.07","535","Toronto","0452.07",1650.00,1390.00,123000.00
"5350455.00","535","Toronto","0455.00",3080.00,2655.00,118000.00
"5350456.01","535","Toronto","0456.01",3515.00,3075.00,122000.00
"5350456.02","535","Toronto","0456.02",3265.00,2800.00,118000.00
"5350456.03","535","Toronto","0456.03",1480.00,1280.00,115000.00
"5350460.01","535","Toronto","0460.01",2550.00,2295.00,154000.00
"5350460.02","535","Toronto","0460.02",1120.00,940.00,115000.00
"5350461.01","535","Toronto","0461.01",2375.00,2135.00,162000.00
"5350461.02","535","Toronto","0461.02",2605.00,2295.00,126000.00
"5350470.00","535","Toronto","0470.00",1260.00,1160.00,103000.00
"5350471.00","535","Toronto","0471.00",1250.00,1100.00,93000.00
"5350472.00","535","Toronto","0472.00",2960.00,2560.00,105000.00
"5350473.01","535","Toronto","0473.01",2615.00,2270.00,116000.00
"5350473.02","535","Toronto","0473.02",2690.00,2275.00,94000.00
"5350473.03","535","Toronto","0473.03",1400.00,1195.00,93000.00
"5350474.00","535","Toronto","0474.00",2155.00,1925.00,100000.00
"5350475.00","535","Toronto","0475.00",2610.00,2290.00,86000.00
"5350476.01","535","Toronto","0476.01",85.00,75.00,
"5350476.02","535","Toronto","0476.02",900.00,820.00,87000.00
"5350480.01","535","Toronto","0480.01",1475.00,1215.00,78500.00
"5350480.03","535","Toronto","0480.03",1055.00,940.00,116000.00
"5350480.04","535","Toronto","0480.04",560.00,425.00,84000.00
"5350480.05","535","Toronto","0480.05",2365.00,2055.00,131000.00
"5350480.06","535","Toronto","0480.06",885.00,760.00,130000.00
"5350481.02","535","Toronto","0481.02",1765.00,1465.00,96000.00
"5350481.03","535","Toronto","0481.03",,,
"5350481.04","535","Toronto","0481.04",2355.00,2020.00,128000.00
"5350481.05","535","Toronto","0481.05",1665.00,1475.00,125000.00
"5350482.00","535","Toronto","0482.00",3810.00,3375.00,123000.00
"5350483.01","535","Toronto","0483.01",2260.00,1955.00,106000.00
"5350483.02","535","Toronto","0483.02",2440.00,2265.00,117000.00
"5350484.02","535","Toronto","0484.02",2785.00,2530.00,116000.00
"5350484.03","535","Toronto","0484.03",1635.00,1480.00,96000.00
"5350484.04","535","Toronto","0484.04",375.00,330.00,119000.00
"5350485.02","535","Toronto","0485.02",3500.00,2925.00,90000.00
"5350485.03","535","Toronto","0485.03",55.00,55.00,
"5350485.04","535","Toronto","0485.04",1615.00,1335.00,99000.00
"5350485.05","535","Toronto","0485.05",1935.00,1700.00,119000.00
"5350500.01","535","Toronto","0500.01",1440.00,1025.00,75000.00
"5350500.02","535","Toronto","0500.02",1450.00,1085.00,76000.00
"5350501.01","535","Toronto","0501.01",1560.00,1195.00,95000.00
"5350501.02","535","Toronto","0501.02",1850.00,1380.00,132000.00
"5350502.01","535","Toronto","0502.01",2125.00,1535.00,102000.00
"5350502.02","535","Toronto","0502.02",715.00,515.00,98000.00
"5350503.00","535","Toronto","0503.00",1560.00,1150.00,91000.00
"5350504.00","535","Toronto","0504.00",810.00,580.00,126000.00
"5350505.01","535","Toronto","0505.01",1030.00,795.00,198000.00
"5350505.02","535","Toronto","0505.02",1370.00,1125.00,212000.00
"5350506.00","535","Toronto","0506.00",720.00,540.00,238000.00
"5350507.00","535","Toronto","0507.00",1080.00,845.00,138000.00
"5350508.00","535","Toronto","0508.00",1040.00,845.00,114000.00
"5350509.01","535","Toronto","0509.01",1755.00,1425.00,111000.00
"5350509.02","535","Toronto","0509.02",875.00,690.00,124000.00
"5350510.00","535","Toronto","0510.00",1630.00,1325.00,128000.00
"5350511.01","535","Toronto","0511.01",2065.00,1305.00,70000.00
"5350511.02","535","Toronto","0511.02",1535.00,1140.00,88000.00
"5350512.00","535","Toronto","0512.00",1930.00,1250.00,77000.00
"5350513.01","535","Toronto","0513.01",1910.00,1510.00,116000.00
"5350513.02","535","Toronto","0513.02",1940.00,1330.00,69500.00
"5350513.03","535","Toronto","0513.03",1015.00,610.00,80000.00
"5350513.04","535","Toronto","0513.04",1190.00,935.00,115000.00
"5350514.01","535","Toronto","0514.01",665.00,575.00,184000.00
"5350514.02","535","Toronto","0514.02",1505.00,1050.00,87000.00
"5350515.01","535","Toronto","0515.01",1255.00,940.00,122000.00
"5350515.02","535","Toronto","0515.02",1030.00,815.00,102000.00
"5350516.01","535","Toronto","0516.01",1555.00,1230.00,125000.00
"5350516.02","535","Toronto","0516.02",1595.00,1295.00,124000.00
"5350516.03","535","Toronto","0516.03",2120.00,1615.00,94000.00
"5350516.04","535","Toronto","0516.04",1925.00,1265.00,81000.00
"5350516.05","535","Toronto","0516.05",2110.00,1655.00,105000.00
"5350516.06","535","Toronto","0516.06",1445.00,1080.00,111000.00
"5350516.08","535","Toronto","0516.08",1955.00,1365.00,86000.00
"5350516.09","535","Toronto","0516.09",2175.00,1700.00,103000.00
"5350516.11","535","Toronto","0516.11",1025.00,840.00,144000.00
"5350516.16","535","Toronto","0516.16",1205.00,920.00,103000.00
"5350516.17","535","Toronto","0516.17",910.00,710.00,97000.00
"5350516.18","535","Toronto","0516.18",950.00,750.00,120000.00
"5350516.20","535","Toronto","0516.20",1965.00,1470.00,140000.00
"5350516.21","535","Toronto","0516.21",850.00,705.00,153000.00
"5350516.22","535","Toronto","0516.22",2165.00,1720.00,148000.00
"5350516.23","535","Toronto","0516.23",1675.00,1295.00,140000.00
"5350516.24","535","Toronto","0516.24",1170.00,990.00,144000.00
"5350516.25","535","Toronto","0516.25",1030.00,775.00,115000.00
"5350516.26","535","Toronto","0516.26",1980.00,1540.00,118000.00
"5350516.28","535","Toronto","0516.28",1190.00,1000.00,133000.00
"5350516.29","535","Toronto","0516.29",1250.00,915.00,114000.00
"5350516.30","535","Toronto","0516.30",1585.00,1310.00,156000.00
"5350516.31","535","Toronto","0516.31",695.00,580.00,131000.00
"5350516.32","535","Toronto","0516.32",1580.00,1280.00,144000.00
"5350516.37","535","Toronto","0516.37",2535.00,1855.00,81000.00
"5350516.38","535","Toronto","0516.38",1920.00,1490.00,114000.00
"5350516.39","535","Toronto","0516.39",1525.00,1195.00,137000.00
"5350516.40","535","Toronto","0516.40",2075.00,1630.00,140000.00
"5350516.41","535","Toronto","0516.41",1615.00,1240.00,116000.00
"5350516.43","535","Toronto","0516.43",1080.00,805.00,108000.00
"5350516.44","535","Toronto","0516.44",1375.00,1020.00,120000.00
"5350516.47","535","Toronto","0516.47",1515.00,1240.00,144000.00
"5350516.48","535","Toronto","0516.48",1585.00,1185.00,130000.00
"5350516.50","535","Toronto","0516.50",1110.00,835.00,131000.00
"5350516.51","535","Toronto","0516.51",1405.00,1150.00,130000.00
"5350516.52","535","Toronto","0516.52",1450.00,1135.00,134000.00
"5350516.53","535","Toronto","0516.53",660.00,520.00,178000.00
"5350516.54","535","Toronto","0516.54",1095.00,890.00,99000.00
"5350516.55","535","Toronto","0516.55",1395.00,1100.00,128000.00
"5350517.00","535","Toronto","0517.00",530.00,405.00,122000.00
"5350518.00","535","Toronto","0518.00",1245.00,880.00,73500.00
"5350519.00","535","Toronto","0519.00",1355.00,995.00,101000.00
"5350520.01","535","Toronto","0520.01",1735.00,1240.00,94000.00
"5350520.02","535","Toronto","0520.02",2330.00,1765.00,88000.00
"5350520.05","535","Toronto","0520.05",1090.00,815.00,89000.00
"5350520.07","535","Toronto","0520.07",1280.00,800.00,73000.00
"5350520.08","535","Toronto","0520.08",2030.00,1430.00,95000.00
"5350520.09","535","Toronto","0520.09",1960.00,1405.00,78000.00
"5350520.11","535","Toronto","0520.11",1480.00,1010.00,82000.00
"5350520.12","535","Toronto","0520.12",1005.00,605.00,76500.00
"5350521.01","535","Toronto","0521.01",1690.00,1065.00,79500.00
"5350521.02","535","Toronto","0521.02",1150.00,830.00,105000.00
"5350521.03","535","Toronto","0521.03",1730.00,1145.00,99000.00
"5350521.04","535","Toronto","0521.04",1915.00,1385.00,91000.00
"5350521.05","535","Toronto","0521.05",1595.00,1100.00,72500.00
"5350521.06","535","Toronto","0521.06",1565.00,990.00,70500.00
"5350522.00","535","Toronto","0522.00",1790.00,1390.00,96000.00
"5350523.00","535","Toronto","0523.00",1785.00,1205.00,77000.00
"5350524.01","535","Toronto","0524.01",1560.00,1055.00,94000.00
"5350524.02","535","Toronto","0524.02",1085.00,730.00,75000.00
"5350525.01","535","Toronto","0525.01",1090.00,760.00,84000.00
"5350525.02","535","Toronto","0525.02",1280.00,920.00,68000.00
"5350526.01","535","Toronto","0526.01",1905.00,1240.00,81000.00
"5350526.02","535","Toronto","0526.02",1100.00,765.00,81000.00
"5350527.02","535","Toronto","0527.02",1250.00,925.00,97000.00
"5350527.04","535","Toronto","0527.04",1655.00,1285.00,116000.00
"5350527.05","535","Toronto","0527.05",1555.00,1210.00,99000.00
"5350527.06","535","Toronto","0527.06",1175.00,905.00,109000.00
"5350527.07","535","Toronto","0527.07",1645.00,1180.00,92000.00
"5350527.08","535","Toronto","0527.08",1300.00,990.00,114000.00
"5350527.09","535","Toronto","0527.09",1025.00,745.00,112000.00
"5350527.10","535","Toronto","0527.10",1165.00,810.00,67500.00
"5350527.11","535","Toronto","0527.11",3025.00,2145.00,73500.00
"5350527.12","535","Toronto","0527.12",1380.00,1045.00,94000.00
"5350527.13","535","Toronto","0527.13",1140.00,795.00,79500.00
"5350528.01","535","Toronto","0528.01",1565.00,1150.00,114000.00
"5350528.11","535","Toronto","0528.11",1180.00,855.00,73000.00
"5350528.12","535","Toronto","0528.12",1515.00,1170.00,135000.00
"5350528.13","535","Toronto","0528.13",905.00,680.00,149000.00
"5350528.15","535","Toronto","0528.15",1260.00,990.00,127000.00
"5350528.16","535","Toronto","0528.16",1580.00,1230.00,123000.00
"5350528.18","535","Toronto","0528.18",2150.00,1630.00,127000.00
"5350528.19","535","Toronto","0528.19",1755.00,1295.00,111000.00
"5350528.20","535","Toronto","0528.20",1935.00,1440.00,105000.00
"5350528.21","535","Toronto","0528.21",1480.00,850.00,77500.00
"5350528.22","535","Toronto","0528.22",2355.00,1595.00,96000.00
"5350528.24","535","Toronto","0528.24",1430.00,1095.00,117000.00
"5350528.26","535","Toronto","0528.26",1845.00,1340.00,77000.00
"5350528.31","535","Toronto","0528.31",2225.00,1475.00,77000.00
"5350528.32","535","Toronto","0528.32",1475.00,1130.00,147000.00
"5350528.33","535","Toronto","0528.33",1865.00,1515.00,137000.00
"5350528.34","535","Toronto","0528.34",2020.00,1565.00,119000.00
"5350528.35","535","Toronto","0528.35",1075.00,865.00,130000.00
"5350528.39","535","Toronto","0528.39",2060.00,1690.00,151000.00
"5350528.40","535","Toronto","0528.40",1960.00,1655.00,150000.00
"5350528.42","535","Toronto","0528.42",1625.00,1245.00,129000.00
"5350528.43","535","Toronto","0528.43",1415.00,1070.00,116000.00
"5350528.44","535","Toronto","0528.44",660.00,515.00,116000.00
"5350528.45","535","Toronto","0528.45",1640.00,1185.00,97000.00
"5350528.46","535","Toronto","0528.46",2275.00,1705.00,126000.00
"5350528.47","535","Toronto","0528.47",1540.00,1205.00,124000.00
"5350528.49","535","Toronto","0528.49",1500.00,1175.00,157000.00
"5350528.50","535","Toronto","0528.50",1545.00,1040.00,105000.00
"5350528.51","535","Toronto","0528.51",1825.00,1135.00,99000.00
"5350528.52","535","Toronto","0528.52",2290.00,1765.00,132000.00
"5350528.53","535","Toronto","0528.53",780.00,670.00,164000.00
"5350528.54","535","Toronto","0528.54",885.00,720.00,140000.00
"5350528.55","535","Toronto","0528.55",1750.00,1370.00,128000.00
"5350528.56","535","Toronto","0528.56",1075.00,870.00,120000.00
"5350528.57","535","Toronto","0528.57",1225.00,935.00,120000.00
"5350528.58","535","Toronto","0528.58",1375.00,1040.00,113000.00
"5350528.59","535","Toronto","0528.59",1215.00,825.00,119000.00
"5350528.60","535","Toronto","0528.60",1280.00,950.00,105000.00
"5350528.61","535","Toronto","0528.61",1200.00,915.00,96000.00
"5350528.62","535","Toronto","0528.62",520.00,350.00,87000.00
"5350528.63","535","Toronto","0528.63",2090.00,1635.00,137000.00
"5350529.01","535","Toronto","0529.01",1680.00,1125.00,82000.00
"5350529.02","535","Toronto","0529.02",1585.00,1065.00,81000.00
"5350530.01","535","Toronto","0530.01",1760.00,1090.00,83000.00
"5350530.02","535","Toronto","0530.02",1315.00,870.00,76500.00
"5350531.01","535","Toronto","0531.01",1525.00,975.00,80000.00
"5350531.02","535","Toronto","0531.02",2265.00,1535.00,89000.00
"5350532.01","535","Toronto","0532.01",1810.00,1135.00,92000.00
"5350532.02","535","Toronto","0532.02",1760.00,1125.00,87000.00
"5350540.01","535","Toronto","0540.01",1475.00,1070.00,67000.00
"5350540.02","535","Toronto","0540.02",1470.00,975.00,85000.00
"5350550.01","535","Toronto","0550.01",1570.00,1245.00,115000.00
"5350550.02","535","Toronto","0550.02",2175.00,1635.00,98000.00
"5350560.00","535","Toronto","0560.00",2425.00,1720.00,88000.00
"5350561.00","535","Toronto","0561.00",2665.00,1880.00,91000.00
"5350562.02","535","Toronto","0562.02",2185.00,1765.00,113000.00
"5350562.03","535","Toronto","0562.03",1960.00,1505.00,102000.00
"5350562.04","535","Toronto","0562.04",1690.00,1335.00,108000.00
"5350562.05","535","Toronto","0562.05",2095.00,1475.00,83000.00
"5350562.06","535","Toronto","0562.06",1035.00,815.00,115000.00
"5350562.07","535","Toronto","0562.07",1735.00,1365.00,105000.00
"5350562.08","535","Toronto","0562.08",1635.00,1210.00,102000.00
"5350562.09","535","Toronto","0562.09",1610.00,1260.00,103000.00
"5350562.11","535","Toronto","0562.11",1180.00,945.00,109000.00
"5350562.12","535","Toronto","0562.12",2285.00,1525.00,73500.00
"5350562.13","535","Toronto","0562.13",500.00,355.00,100000.00
"5350562.14","535","Toronto","0562.14",1405.00,1130.00,126000.00
"5350562.15","535","Toronto","0562.15",1310.00,1080.00,112000.00
"5350563.01","535","Toronto","0563.01",2145.00,1235.00,63200.00
"5350563.02","535","Toronto","0563.02",1145.00,840.00,101000.00
"5350564.01","535","Toronto","0564.01",1035.00,685.00,106000.00
"5350564.02","535","Toronto","0564.02",1925.00,1295.00,95000.00
"5350570.01","535","Toronto","0570.01",1445.00,950.00,61200.00
"5350570.02","535","Toronto","0570.02",1305.00,1020.00,128000.00
"5350571.01","535","Toronto","0571.01",1405.00,955.00,76000.00
"5350571.02","535","Toronto","0571.02",1360.00,1090.00,101000.00
"5350572.01","535","Toronto","0572.01",2350.00,1820.00,89000.00
"5350572.04","535","Toronto","0572.04",1255.00,875.00,98000.00
"5350572.05","535","Toronto","0572.05",2035.00,1205.00,76500.00
"5350572.07","535","Toronto","0572.07",1895.00,1315.00,109000.00
"5350572.08","535","Toronto","0572.08",2125.00,1410.00,104000.00
"5350572.09","535","Toronto","0572.09",1755.00,1395.00,121000.00
"5350572.10","535","Toronto","0572.10",1595.00,1270.00,114000.00
"5350573.03","535","Toronto","0573.03",2420.00,1815.00,103000.00
"5350573.05","535","Toronto","0573.05",2155.00,1735.00,106000.00
"5350573.06","535","Toronto","0573.06",1875.00,1405.00,107000.00
"5350573.07","535","Toronto","0573.07",2375.00,1665.00,84000.00
"5350573.09","535","Toronto","0573.09",2250.00,1700.00,111000.00
"5350573.10","535","Toronto","0573.10",1040.00,855.00,125000.00
"5350573.11","535","Toronto","0573.11",1990.00,1515.00,121000.00
"5350574.00","535","Toronto","0574.00",2150.00,1495.00,71000.00
"5350575.01","535","Toronto","0575.01",2230.00,1580.00,87000.00
"5350575.02","535","Toronto","0575.02",1750.00,1220.00,64500.00
"5350575.03","535","Toronto","0575.03",2545.00,1960.00,95000.00
"5350575.04","535","Toronto","0575.04",2800.00,2170.00,99000.00
"5350575.05","535","Toronto","0575.05",2585.00,1980.00,103000.00
"5350575.07","535","Toronto","0575.07",1440.00,1140.00,123000.00
"5350575.08","535","Toronto","0575.08",2155.00,1580.00,112000.00
"5350576.04","535","Toronto","0576.04",1670.00,1405.00,131000.00
"5350576.05","535","Toronto","0576.05",2600.00,1995.00,109000.00
"5350576.06","535","Toronto","0576.06",2960.00,2330.00,116000.00
"5350576.07","535","Toronto","0576.07",1560.00,1195.00,113000.00
"5350576.09","535","Toronto","0576.09",1160.00,960.00,124000.00
"5350576.16","535","Toronto","0576.16",2575.00,2040.00,118000.00
"5350576.17","535","Toronto","0576.17",2525.00,1850.00,114000.00
"5350576.20","535","Toronto","0576.20",2660.00,1980.00,114000.00
"5350576.22","535","Toronto","0576.22",2760.00,2065.00,119000.00
"5350576.29","535","Toronto","0576.29",1650.00,1340.00,118000.00
"5350576.31","535","Toronto","0576.31",1275.00,1065.00,139000.00
"5350576.33","535","Toronto","0576.33",880.00,690.00,125000.00
"5350576.34","535","Toronto","0576.34",2425.00,1950.00,117000.00
"5350576.43","535","Toronto","0576.43",2515.00,1895.00,122000.00
"5350576.44","535","Toronto","0576.44",1065.00,865.00,130000.00
"5350576.45","535","Toronto","0576.45",1155.00,925.00,119000.00
"5350576.46","535","Toronto","0576.46",2210.00,1695.00,112000.00
"5350576.47","535","Toronto","0576.47",1495.00,1320.00,166000.00
"5350576.49","535","Toronto","0576.49",1830.00,1435.00,120000.00
"5350576.50","535","Toronto","0576.50",2500.00,1920.00,125000.00
"5350576.52","535","Toronto","0576.52",2230.00,1755.00,124000.00
"5350576.53","535","Toronto","0576.53",1675.00,1220.00,125000.00
"5350576.54","535","Toronto","0576.54",2210.00,1670.00,112000.00
"5350576.55","535","Toronto","0576.55",2425.00,2005.00,126000.00
"5350576.57","535","Toronto","0576.57",1380.00,1205.00,95000.00
"5350576.59","535","Toronto","0576.59",2625.00,2000.00,120000.00
"5350576.62","535","Toronto","0576.62",2605.00,2040.00,128000.00
"5350576.63","535","Toronto","0576.63",2630.00,2130.00,141000.00
"5350576.65","535","Toronto","0576.65",1100.00,820.00,114000.00
"5350576.66","535","Toronto","0576.66",2320.00,1855.00,122000.00
"5350576.68","535","Toronto","0576.68",1845.00,1525.00,133000.00
"5350576.69","535","Toronto","0576.69",2170.00,1710.00,132000.00
"5350576.73","535","Toronto","0576.73",1050.00,960.00,166000.00
"5350576.74","535","Toronto","0576.74",2855.00,2530.00,148000.00
"5350576.75","535","Toronto","0576.75",2220.00,1910.00,151000.00
"5350576.76","535","Toronto","0576.76",1920.00,1610.00,135000.00
"5350576.77","535","Toronto","0576.77",1730.00,1465.00,136000.00
"5350576.78","535","Toronto","0576.78",2005.00,1615.00,126000.00
"5350576.79","535","Toronto","0576.79",1100.00,860.00,117000.00
"5350576.80","535","Toronto","0576.80",1320.00,995.00,122000.00
"5350576.81","535","Toronto","0576.81",1725.00,1365.00,128000.00
"5350576.82","535","Toronto","0576.82",2015.00,1685.00,140000.00
"5350576.83","535","Toronto","0576.83",930.00,740.00,143000.00
"5350576.84","535","Toronto","0576.84",1950.00,1600.00,118000.00
"5350576.85","535","Toronto","0576.85",2655.00,2220.00,120000.00
"5350576.86","535","Toronto","0576.86",1725.00,1310.00,132000.00
"5350576.87","535","Toronto","0576.87",1435.00,1225.00,146000.00
"5350576.88","535","Toronto","0576.88",1475.00,1250.00,128000.00
"5350576.89","535","Toronto","0576.89",1455.00,1185.00,127000.00
"5350576.90","535","Toronto","0576.90",1285.00,950.00,114000.00
"5350576.91","535","Toronto","0576.91",4035.00,3310.00,140000.00
"5350576.92","535","Toronto","0576.92",1615.00,1235.00,93000.00
"5350576.93","535","Toronto","0576.93",3115.00,2310.00,114000.00
"5350576.94","535","Toronto","0576.94",1630.00,1320.00,124000.00
"5350576.95","535","Toronto","0576.95",1630.00,1360.00,137000.00
"5350576.96","535","Toronto","0576.96",2300.00,1865.00,125000.00
"5350576.97","535","Toronto","0576.97",1600.00,1375.00,131000.00
"5350576.98","535","Toronto","0576.98",9780.00,7865.00,119000.00
"5350576.99","535","Toronto","0576.99",1725.00,1390.00,120000.00
"5350577.00","535","Toronto","0577.00",3250.00,2450.00,130000.00
"5350577.01","535","Toronto","0577.01",1165.00,890.00,131000.00
"5350577.02","535","Toronto","0577.02",1840.00,1435.00,127000.00
"5350577.03","535","Toronto","0577.03",2135.00,1665.00,139000.00
"5350577.04","535","Toronto","0577.04",2110.00,1790.00,172000.00
"5350577.05","535","Toronto","0577.05",1820.00,1450.00,134000.00
"5350577.06","535","Toronto","0577.06",1975.00,1550.00,158000.00
"5350577.07","535","Toronto","0577.07",1380.00,1055.00,122000.00
"5350577.08","535","Toronto","0577.08",1655.00,1270.00,135000.00
"5350577.09","535","Toronto","0577.09",1045.00,755.00,119000.00
"5350585.02","535","Toronto","0585.02",2480.00,2185.00,125000.00
"5350585.03","535","Toronto","0585.03",1950.00,1755.00,118000.00
"5350585.05","535","Toronto","0585.05",2435.00,2100.00,141000.00
"5350585.07","535","Toronto","0585.07",2425.00,2190.00,142000.00
"5350585.08","535","Toronto","0585.08",1455.00,1240.00,174000.00
"5350585.09","535","Toronto","0585.09",2265.00,2030.00,124000.00
"5350585.10","535","Toronto","0585.10",1965.00,1770.00,124000.00
"5350586.02","535","Toronto","0586.02",1070.00,960.00,115000.00
"5350586.03","535","Toronto","0586.03",1740.00,1550.00,121000.00
"5350586.04","535","Toronto","0586.04",2205.00,1950.00,134000.00
"5350586.05","535","Toronto","0586.05",3310.00,2915.00,138000.00
"5350587.01","535","Toronto","0587.01",2080.00,1825.00,145000.00
"5350587.02","535","Toronto","0587.02",2125.00,1860.00,135000.00
"5350590.00","535","Toronto","0590.00",1975.00,1535.00,77000.00
"5350591.01","535","Toronto","0591.01",2305.00,1990.00,123000.00
"5350591.02","535","Toronto","0591.02",2290.00,1965.00,108000.00
"5350592.01","535","Toronto","0592.01",2600.00,2110.00,83000.00
"5350592.02","535","Toronto","0592.02",2920.00,2570.00,131000.00
"5350593.01","535","Toronto","0593.01",1155.00,975.00,124000.00
"5350593.02","535","Toronto","0593.02",520.00,475.00,124000.00
"5350593.03","535","Toronto","0593.03",640.00,570.00,142000.00
"5350593.04","535","Toronto","0593.04",960.00,820.00,170000.00
"5350600.01","535","Toronto","0600.01",1215.00,975.00,184000.00
"5350600.02","535","Toronto","0600.02",1570.00,1215.00,144000.00
"5350601.00","535","Toronto","0601.00",930.00,670.00,214000.00
"5350602.00","535","Toronto","0602.00",945.00,715.00,170000.00
"5350603.00","535","Toronto","0603.00",1900.00,1240.00,69500.00
"5350604.00","535","Toronto","0604.00",495.00,350.00,93000.00
"5350605.00","535","Toronto","0605.00",595.00,475.00,137000.00
"5350606.00","535","Toronto","0606.00",1585.00,1230.00,85000.00
"5350607.00","535","Toronto","0607.00",795.00,670.00,125000.00
"5350608.00","535","Toronto","0608.00",895.00,695.00,116000.00
"5350609.00","535","Toronto","0609.00",655.00,500.00,166000.00
"5350610.03","535","Toronto","0610.03",980.00,810.00,83000.00
"5350610.04","535","Toronto","0610.04",630.00,510.00,95000.00
"5350610.05","535","Toronto","0610.05",1140.00,945.00,159000.00
"5350610.06","535","Toronto","0610.06",1090.00,870.00,155000.00
"5350611.00","535","Toronto","0611.00",1340.00,1080.00,137000.00
"5350612.01","535","Toronto","0612.01",,,
"5350612.03","535","Toronto","0612.03",1445.00,1080.00,132000.00
"5350612.05","535","Toronto","0612.05",1130.00,900.00,127000.00
"5350612.08","535","Toronto","0612.08",1415.00,1105.00,134000.00
"5350612.10","535","Toronto","0612.10",50.00,35.00,
"5350612.11","535","Toronto","0612.11",1580.00,1310.00,170000.00
"5350612.12","535","Toronto","0612.12",1915.00,1510.00,159000.00
"5350612.13","535","Toronto","0612.13",775.00,635.00,121000.00
"5350612.14","535","Toronto","0612.14",1165.00,855.00,129000.00
"5350612.15","535","Toronto","0612.15",2055.00,1645.00,142000.00
"5350612.18","535","Toronto","0612.18",1260.00,995.00,154000.00
"5350612.19","535","Toronto","0612.19",1130.00,880.00,147000.00
"5350612.20","535","Toronto","0612.20",1205.00,970.00,162000.00
"5350612.21","535","Toronto","0612.21",1810.00,1390.00,158000.00
"5350612.22","535","Toronto","0612.22",2130.00,1570.00,147000.00
"5350612.23","535","Toronto","0612.23",1270.00,1050.00,145000.00
"5350612.25","535","Toronto","0612.25",1325.00,1040.00,164000.00
"5350612.26","535","Toronto","0612.26",1660.00,1275.00,93000.00
"5350612.27","535","Toronto","0612.27",1455.00,1105.00,131000.00
"5350612.28","535","Toronto","0612.28",895.00,705.00,202000.00
"5350612.29","535","Toronto","0612.29",905.00,735.00,127000.00
"5350613.01","535","Toronto","0613.01",1090.00,890.00,115000.00
"5350613.03","535","Toronto","0613.03",1295.00,1005.00,93000.00
"5350613.04","535","Toronto","0613.04",1480.00,940.00,72000.00
"5350614.01","535","Toronto","0614.01",900.00,680.00,135000.00
"5350614.02","535","Toronto","0614.02",1145.00,930.00,123000.00
"5350615.00","535","Toronto","0615.00",5045.00,4170.00,131000.00
"5350620.05","535","Toronto","0620.05",1310.00,1125.00,166000.00
"5350620.06","535","Toronto","0620.06",2410.00,2060.00,118000.00
"5350620.07","535","Toronto","0620.07",1695.00,1435.00,157000.00
"5350620.09","535","Toronto","0620.09",1910.00,1565.00,127000.00
"5350620.13","535","Toronto","0620.13",760.00,625.00,118000.00
"5350620.14","535","Toronto","0620.14",2125.00,1710.00,130000.00
"5350620.15","535","Toronto","0620.15",1235.00,1045.00,103000.00
"5350620.16","535","Toronto","0620.16",960.00,845.00,131000.00
"5350620.17","535","Toronto","0620.17",1470.00,1225.00,134000.00
"5350620.18","535","Toronto","0620.18",1310.00,1120.00,127000.00
"5350620.19","535","Toronto","0620.19",880.00,745.00,168000.00
"5350620.20","535","Toronto","0620.20",1210.00,960.00,156000.00
"5350620.21","535","Toronto","0620.21",1480.00,1255.00,123000.00
"5350620.22","535","Toronto","0620.22",1395.00,1160.00,145000.00
"5350620.23","535","Toronto","0620.23",1175.00,995.00,130000.00
"5350620.24","535","Toronto","0620.24",2025.00,1670.00,142000.00
"5350620.25","535","Toronto","0620.25",1595.00,1385.00,131000.00
"5350620.26","535","Toronto","0620.26",970.00,795.00,120000.00
"5350620.27","535","Toronto","0620.27",1305.00,1170.00,120000.00
"5350620.28","535","Toronto","0620.28",1075.00,870.00,114000.00
"5350620.29","535","Toronto","0620.29",1855.00,1580.00,131000.00
"5350621.00","535","Toronto","0621.00",1800.00,1520.00,116000.00
"5350622.00","535","Toronto","0622.00",2215.00,1935.00,108000.00
"5350623.00","535","Toronto","0623.00",1150.00,930.00,74000.00
"5350624.00","535","Toronto","0624.00",1860.00,1550.00,108000.00
"5350625.00","535","Toronto","0625.00",165.00,115.00,105000.00
"5350626.00","535","Toronto","0626.00",1905.00,1640.00,143000.00
"5350630.00","535","Toronto","0630.00",1200.00,1025.00,124000.00
"5350631.02","535","Toronto","0631.02",2080.00,1815.00,162000.00
"5350631.03","535","Toronto","0631.03",1800.00,1595.00,194000.00
"5350631.04","535","Toronto","0631.04",1955.00,1730.00,164000.00
"5350632.00","535","Toronto","0632.00",1485.00,1270.00,112000.00
"5350633.00","535","Toronto","0633.00",1385.00,1180.00,100000.00
"5350634.01","535","Toronto","0634.01",1425.00,1255.00,149000.00
"5350634.02","535","Toronto","0634.02",1460.00,1235.00,111000.00
"5350635.00","535","Toronto","0635.00",2140.00,1750.00,101000.00
"5350636.00","535","Toronto","0636.00",1130.00,930.00,124000.00
"5350637.00","535","Toronto","0637.00",2585.00,2295.00,129000.00
"5350638.00","535","Toronto","0638.00",2315.00,1980.00,99000.00
"5350639.00","535","Toronto","0639.00",1910.00,1645.00,120000.00
"5350800.01","535","Toronto","0800.01",1270.00,1035.00,90000.00
"5350800.02","535","Toronto","0800.02",1540.00,1155.00,95000.00
"5350801.01","535","Toronto","0801.01",1290.00,960.00,106000.00
"5350801.02","535","Toronto","0801.02",1620.00,1330.00,136000.00
"5350802.01","535","Toronto","0802.01",1195.00,765.00,130000.00
"5350802.02","535","Toronto","0802.02",1395.00,990.00,143000.00
"5350803.03","535","Toronto","0803.03",1625.00,1280.00,136000.00
"5350803.04","535","Toronto","0803.04",1800.00,1525.00,151000.00
"5350803.05","535","Toronto","0803.05",2170.00,1750.00,143000.00
"5350803.06","535","Toronto","0803.06",1525.00,1290.00,129000.00
"5350804.01","535","Toronto","0804.01",2025.00,1655.00,145000.00
"5350804.05","535","Toronto","0804.05",2055.00,1675.00,139000.00
"5350804.06","535","Toronto","0804.06",895.00,695.00,114000.00
"5350804.07","535","Toronto","0804.07",1090.00,815.00,94000.00
"5350804.08","535","Toronto","0804.08",1145.00,905.00,145000.00
"5350804.10","535","Toronto","0804.10",1220.00,885.00,81000.00
"5350804.11","535","Toronto","0804.11",1990.00,1485.00,93000.00
"5350804.12","535","Toronto","0804.12",2690.00,2140.00,122000.00
"5350804.13","535","Toronto","0804.13",1635.00,1255.00,122000.00
"5350805.04","535","Toronto","0805.04",2380.00,1970.00,150000.00
"5350805.06","535","Toronto","0805.06",1915.00,1470.00,109000.00
"5350805.09","535","Toronto","0805.09",1845.00,1450.00,125000.00
"5350805.10","535","Toronto","0805.10",2265.00,1890.00,118000.00
"5350805.16","535","Toronto","0805.16",2225.00,1785.00,143000.00
"5350805.17","535","Toronto","0805.17",1770.00,1390.00,140000.00
"5350805.18","535","Toronto","0805.18",1050.00,795.00,123000.00
"5350805.19","535","Toronto","0805.19",470.00,390.00,102000.00
"5350805.20","535","Toronto","0805.20",1560.00,1230.00,122000.00
"5350805.21","535","Toronto","0805.21",585.00,455.00,118000.00
"5350805.22","535","Toronto","0805.22",1395.00,1145.00,140000.00
"5350805.23","535","Toronto","0805.23",2005.00,1620.00,121000.00
"5350805.24","535","Toronto","0805.24",90.00,75.00,125000.00
"5350805.25","535","Toronto","0805.25",3020.00,2410.00,131000.00
"5350805.26","535","Toronto","0805.26",140.00,120.00,240000.00
"5350805.27","535","Toronto","0805.27",2475.00,1960.00,136000.00
"5350806.00","535","Toronto","0806.00",1350.00,1150.00,119000.00
"5350807.00","535","Toronto","0807.00",930.00,810.00,126000.00
"5350810.01","535","Toronto","0810.01",1435.00,1095.00,73500.00
"5350810.02","535","Toronto","0810.02",700.00,590.00,94000.00
"5350810.03","535","Toronto","0810.03",1045.00,825.00,111000.00
"5350810.04","535","Toronto","0810.04",1935.00,1420.00,92000.00
"5350810.05","535","Toronto","0810.05",1050.00,840.00,119000.00
"5350811.00","535","Toronto","0811.00",1415.00,1010.00,78500.00
"5350812.00","535","Toronto","0812.00",2240.00,1710.00,106000.00
"5350820.03","535","Toronto","0820.03",1205.00,945.00,141000.00
"5350820.04","535","Toronto","0820.04",945.00,705.00,133000.00
"5350820.05","535","Toronto","0820.05",650.00,535.00,162000.00
"5350820.06","535","Toronto","0820.06",610.00,510.00,95000.00
"5350820.07","535","Toronto","0820.07",1310.00,1040.00,141000.00
"5350830.00","535","Toronto","0830.00",1720.00,1510.00,137000.00
"5350831.01","535","Toronto","0831.01",1890.00,1585.00,122000.00
"5350831.02","535","Toronto","0831.02",2110.00,1825.00,100000.00
"5350832.00","535","Toronto","0832.00",1540.00,1390.00,121000.00
"5370000.00","537","Hamilton","0000.00",256320.00,201590.00,91000.00
"5370001.01","537","Hamilton","0001.01",715.00,565.00,104000.00
"5370001.02","537","Hamilton","0001.02",2095.00,1685.00,102000.00
"5370001.04","537","Hamilton","0001.04",2035.00,1655.00,112000.00
"5370001.05","537","Hamilton","0001.05",1935.00,1530.00,99000.00
"5370001.06","537","Hamilton","0001.06",1705.00,1335.00,111000.00
"5370001.07","537","Hamilton","0001.07",1355.00,1090.00,85000.00
"5370001.08","537","Hamilton","0001.08",2505.00,2025.00,108000.00
"5370001.09","537","Hamilton","0001.09",1725.00,1330.00,108000.00
"5370002.01","537","Hamilton","0002.01",1945.00,1575.00,113000.00
"5370002.03","537","Hamilton","0002.03",1100.00,910.00,91000.00
"5370002.04","537","Hamilton","0002.04",1470.00,1200.00,104000.00
"5370002.06","537","Hamilton","0002.06",1040.00,910.00,82000.00
"5370002.07","537","Hamilton","0002.07",1805.00,1450.00,117000.00
"5370002.08","537","Hamilton","0002.08",960.00,855.00,119000.00
"5370003.01","537","Hamilton","0003.01",1590.00,1285.00,83000.00
"5370003.02","537","Hamilton","0003.02",1040.00,775.00,84000.00
"5370003.03","537","Hamilton","0003.03",935.00,720.00,84000.00
"5370003.04","537","Hamilton","0003.04",1855.00,1465.00,76500.00
"5370004.01","537","Hamilton","0004.01",1095.00,755.00,67500.00
"5370004.02","537","Hamilton","0004.02",1420.00,1005.00,72000.00
"5370005.01","537","Hamilton","0005.01",1960.00,1515.00,75500.00
"5370005.02","537","Hamilton","0005.02",1275.00,1005.00,84000.00
"5370005.03","537","Hamilton","0005.03",1315.00,1050.00,84000.00
"5370006.00","537","Hamilton","0006.00",1690.00,1320.00,79000.00
"5370007.00","537","Hamilton","0007.00",1155.00,880.00,69500.00
"5370008.00","537","Hamilton","0008.00",860.00,680.00,70000.00
"5370009.00","537","Hamilton","0009.00",1310.00,960.00,73000.00
"5370010.00","537","Hamilton","0010.00",1185.00,890.00,75500.00
"5370011.00","537","Hamilton","0011.00",980.00,735.00,85000.00
"5370012.00","537","Hamilton","0012.00",625.00,345.00,73500.00
"5370013.00","537","Hamilton","0013.00",1030.00,780.00,102000.00
"5370014.00","537","Hamilton","0014.00",965.00,785.00,108000.00
"5370015.00","537","Hamilton","0015.00",515.00,415.00,103000.00
"5370016.00","537","Hamilton","0016.00",200.00,165.00,100000.00
"5370017.00","537","Hamilton","0017.00",940.00,730.00,141000.00
"5370018.00","537","Hamilton","0018.00",,,
"5370019.00","537","Hamilton","0019.00",1470.00,1035.00,81000.00
"5370020.00","537","Hamilton","0020.00",1615.00,1225.00,87000.00
"5370021.00","537","Hamilton","0021.00",1630.00,1175.00,75500.00
"5370022.00","537","Hamilton","0022.00",1765.00,1270.00,65500.00
"5370023.00","537","Hamilton","0023.00",850.00,645.00,94000.00
"5370024.00","537","Hamilton","0024.00",840.00,665.00,79500.00
"5370025.00","537","Hamilton","0025.00",1160.00,960.00,96000.00
"5370026.01","537","Hamilton","0026.01",1090.00,815.00,59200.00
"5370026.02","537","Hamilton","0026.02",550.00,420.00,48400.00
"5370026.03","537","Hamilton","0026.03",710.00,600.00,109000.00
"5370026.04","537","Hamilton","0026.04",505.00,420.00,91000.00
"5370026.05","537","Hamilton","0026.05",1215.00,985.00,72500.00
"5370026.06","537","Hamilton","0026.06",2160.00,1705.00,78500.00
"5370027.00","537","Hamilton","0027.00",445.00,370.00,76500.00
"5370028.00","537","Hamilton","0028.00",1135.00,960.00,77500.00
"5370029.00","537","Hamilton","0029.00",1625.00,1275.00,71000.00
"5370030.00","537","Hamilton","0030.00",1430.00,1110.00,95000.00
"5370031.00","537","Hamilton","0031.00",700.00,500.00,92000.00
"5370032.00","537","Hamilton","0032.00",935.00,610.00,56000.00
"5370033.00","537","Hamilton","0033.00",1020.00,600.00,67500.00
"5370034.00","537","Hamilton","0034.00",2320.00,1280.00,52400.00
"5370035.00","537","Hamilton","0035.00",1380.00,680.00,53600.00
"5370036.00","537","Hamilton","0036.00",1040.00,455.00,50800.00
"5370037.00","537","Hamilton","0037.00",875.00,460.00,32400.00
"5370038.00","537","Hamilton","0038.00",1270.00,665.00,47600.00
"5370039.00","537","Hamilton","0039.00",2075.00,1185.00,56800.00
"5370040.00","537","Hamilton","0040.00",600.00,420.00,73000.00
"5370041.00","537","Hamilton","0041.00",785.00,395.00,56000.00
"5370042.00","537","Hamilton","0042.00",790.00,525.00,83000.00
"5370043.00","537","Hamilton","0043.00",1320.00,760.00,58000.00
"5370044.00","537","Hamilton","0044.00",1370.00,875.00,56400.00
"5370045.00","537","Hamilton","0045.00",805.00,430.00,82000.00
"5370046.00","537","Hamilton","0046.00",1000.00,555.00,71000.00
"5370047.00","537","Hamilton","0047.00",915.00,580.00,54400.00
"5370048.00","537","Hamilton","0048.00",570.00,250.00,48000.00
"5370049.00","537","Hamilton","0049.00",965.00,480.00,42000.00
"5370050.00","537","Hamilton","0050.00",1355.00,770.00,48800.00
"5370051.00","537","Hamilton","0051.00",1105.00,650.00,50400.00
"5370052.00","537","Hamilton","0052.00",1365.00,805.00,65000.00
"5370053.00","537","Hamilton","0053.00",1055.00,720.00,73000.00
"5370054.00","537","Hamilton","0054.00",1065.00,750.00,72500.00
"5370055.00","537","Hamilton","0055.00",1055.00,825.00,79500.00
"5370056.00","537","Hamilton","0056.00",1460.00,1125.00,77000.00
"5370057.00","537","Hamilton","0057.00",1205.00,850.00,64500.00
"5370058.00","537","Hamilton","0058.00",880.00,580.00,60800.00
"5370059.00","537","Hamilton","0059.00",1100.00,665.00,68000.00
"5370060.00","537","Hamilton","0060.00",880.00,570.00,70000.00
"5370061.00","537","Hamilton","0061.00",910.00,605.00,60400.00
"5370062.00","537","Hamilton","0062.00",1140.00,695.00,65500.00
"5370063.00","537","Hamilton","0063.00",825.00,515.00,52400.00
"5370064.00","537","Hamilton","0064.00",545.00,320.00,72500.00
"5370065.00","537","Hamilton","0065.00",910.00,520.00,67500.00
"5370066.00","537","Hamilton","0066.00",1555.00,1070.00,71000.00
"5370067.00","537","Hamilton","0067.00",720.00,500.00,74000.00
"5370068.00","537","Hamilton","0068.00",235.00,155.00,61600.00
"5370069.00","537","Hamilton","0069.00",370.00,270.00,66500.00
"5370070.00","537","Hamilton","0070.00",810.00,625.00,81000.00
"5370071.00","537","Hamilton","0071.00",2155.00,1460.00,58000.00
"5370072.01","537","Hamilton","0072.01",55.00,55.00,
"5370072.02","537","Hamilton","0072.02",1130.00,790.00,54000.00
"5370072.03","537","Hamilton","0072.03",2150.00,1500.00,58000.00
"5370072.04","537","Hamilton","0072.04",1265.00,1045.00,85000.00
"5370073.00","537","Hamilton","0073.00",510.00,450.00,92000.00
"5370080.01","537","Hamilton","0080.01",840.00,750.00,108000.00
"5370080.03","537","Hamilton","0080.03",2905.00,2565.00,106000.00
"5370080.05","537","Hamilton","0080.05",3175.00,2595.00,119000.00
"5370080.06","537","Hamilton","0080.06",1810.00,1545.00,111000.00
"5370080.07","537","Hamilton","0080.07",1695.00,1455.00,120000.00
"5370081.00","537","Hamilton","0081.00",800.00,695.00,75500.00
"5370082.00","537","Hamilton","0082.00",1100.00,875.00,62400.00
"5370083.00","537","Hamilton","0083.00",830.00,675.00,59600.00
"5370084.01","537","Hamilton","0084.01",1010.00,845.00,93000.00
"5370084.02","537","Hamilton","0084.02",1020.00,870.00,83000.00
"5370084.03","537","Hamilton","0084.03",555.00,490.00,93000.00
"5370084.04","537","Hamilton","0084.04",1080.00,980.00,79000.00
"5370084.05","537","Hamilton","0084.05",905.00,800.00,94000.00
"5370085.01","537","Hamilton","0085.01",1230.00,1100.00,116000.00
"5370085.02","537","Hamilton","0085.02",2400.00,2065.00,106000.00
"5370085.03","537","Hamilton","0085.03",1425.00,1295.00,109000.00
"5370086.01","537","Hamilton","0086.01",1495.00,1325.00,120000.00
"5370086.02","537","Hamilton","0086.02",2160.00,1895.00,130000.00
"5370100.03","537","Hamilton","0100.03",2560.00,2210.00,119000.00
"5370100.04","537","Hamilton","0100.04",2340.00,2120.00,120000.00
"5370100.05","537","Hamilton","0100.05",2020.00,1800.00,126000.00
"5370100.06","537","Hamilton","0100.06",1150.00,1055.00,108000.00
"5370101.02","537","Hamilton","0101.02",1565.00,1365.00,123000.00
"5370101.03","537","Hamilton","0101.03",1060.00,970.00,88000.00
"5370101.04","537","Hamilton","0101.04",1200.00,1050.00,123000.00
"5370120.02","537","Hamilton","0120.02",675.00,575.00,121000.00
"5370120.03","537","Hamilton","0120.03",2085.00,1795.00,132000.00
"5370120.04","537","Hamilton","0120.04",2515.00,2185.00,123000.00
"5370121.00","537","Hamilton","0121.00",645.00,560.00,124000.00
"5370122.01","537","Hamilton","0122.01",1925.00,1715.00,127000.00
"5370122.02","537","Hamilton","0122.02",1890.00,1615.00,151000.00
"5370123.01","537","Hamilton","0123.01",980.00,815.00,133000.00
"5370123.02","537","Hamilton","0123.02",1640.00,1390.00,137000.00
"5370124.00","537","Hamilton","0124.00",1320.00,1070.00,123000.00
"5370130.02","537","Hamilton","0130.02",1085.00,915.00,131000.00
"5370130.03","537","Hamilton","0130.03",1000.00,825.00,103000.00
"5370131.00","537","Hamilton","0131.00",1615.00,1340.00,104000.00
"5370132.00","537","Hamilton","0132.00",1000.00,735.00,67500.00
"5370133.01","537","Hamilton","0133.01",905.00,735.00,147000.00
"5370133.02","537","Hamilton","0133.02",1485.00,1125.00,91000.00
"5370140.04","537","Hamilton","0140.04",1175.00,990.00,137000.00
"5370140.05","537","Hamilton","0140.05",1250.00,1030.00,132000.00
"5370140.06","537","Hamilton","0140.06",1745.00,1460.00,147000.00
"5370140.07","537","Hamilton","0140.07",2360.00,2030.00,117000.00
"5370140.08","537","Hamilton","0140.08",1670.00,1390.00,129000.00
"5370141.00","537","Hamilton","0141.00",1490.00,1320.00,129000.00
"5370142.01","537","Hamilton","0142.01",1485.00,1275.00,120000.00
"5370142.02","537","Hamilton","0142.02",1315.00,1185.00,91000.00
"5370143.00","537","Hamilton","0143.00",1315.00,1130.00,123000.00
"5370144.01","537","Hamilton","0144.01",1695.00,1480.00,149000.00
"5370144.02","537","Hamilton","0144.02",590.00,545.00,130000.00
"5370200.00","537","Hamilton","0200.00",700.00,570.00,142000.00
"5370201.00","537","Hamilton","0201.00",1450.00,1200.00,106000.00
"5370202.00","537","Hamilton","0202.00",1545.00,1280.00,87000.00
"5370203.00","537","Hamilton","0203.00",840.00,715.00,111000.00
"5370204.00","537","Hamilton","0204.00",1640.00,1285.00,87000.00
"5370205.01","537","Hamilton","0205.01",1020.00,845.00,108000.00
"5370205.02","537","Hamilton","0205.02",1355.00,1055.00,68000.00
"5370206.00","537","Hamilton","0206.00",1155.00,805.00,72000.00
"5370207.01","537","Hamilton","0207.01",2005.00,1685.00,119000.00
"5370207.02","537","Hamilton","0207.02",2020.00,1705.00,128000.00
"5370207.03","537","Hamilton","0207.03",1175.00,950.00,120000.00
"5370207.04","537","Hamilton","0207.04",740.00,600.00,85000.00
"5370208.00","537","Hamilton","0208.00",1220.00,960.00,97000.00
"5370209.00","537","Hamilton","0209.00",615.00,495.00,104000.00
"5370210.00","537","Hamilton","0210.00",860.00,695.00,96000.00
"5370211.00","537","Hamilton","0211.00",1565.00,1195.00,88000.00
"5370212.00","537","Hamilton","0212.00",490.00,390.00,95000.00
"5370213.00","537","Hamilton","0213.00",1235.00,970.00,81000.00
"5370214.00","537","Hamilton","0214.00",720.00,530.00,92000.00
"5370215.00","537","Hamilton","0215.00",900.00,750.00,86000.00
"5370216.00","537","Hamilton","0216.00",1145.00,965.00,180000.00
"5370217.01","537","Hamilton","0217.01",1535.00,1200.00,68500.00
"5370217.02","537","Hamilton","0217.02",1010.00,840.00,117000.00
"5370218.00","537","Hamilton","0218.00",2180.00,1665.00,114000.00
"5370219.00","537","Hamilton","0219.00",1230.00,985.00,180000.00
"5370220.00","537","Hamilton","0220.00",1575.00,1220.00,93000.00
"5370221.00","537","Hamilton","0221.00",985.00,805.00,127000.00
"5370222.01","537","Hamilton","0222.01",,,
"5370222.02","537","Hamilton","0222.02",1215.00,965.00,107000.00
"5370222.03","537","Hamilton","0222.03",1460.00,1190.00,128000.00
"5370223.01","537","Hamilton","0223.01",745.00,600.00,110000.00
"5370223.02","537","Hamilton","0223.02",1555.00,1340.00,116000.00
"5370223.05","537","Hamilton","0223.05",990.00,775.00,140000.00
"5370223.06","537","Hamilton","0223.06",1100.00,890.00,150000.00
"5370223.07","537","Hamilton","0223.07",1235.00,1040.00,121000.00
"5370223.10","537","Hamilton","0223.10",1410.00,1160.00,139000.00
"5370223.13","537","Hamilton","0223.13",1175.00,970.00,142000.00
"5370223.14","537","Hamilton","0223.14",950.00,775.00,174000.00
"5370223.15","537","Hamilton","0223.15",790.00,660.00,134000.00
"5370223.16","537","Hamilton","0223.16",655.00,575.00,115000.00
"5370223.17","537","Hamilton","0223.17",1180.00,1005.00,136000.00
"5370223.18","537","Hamilton","0223.18",1575.00,1310.00,159000.00
"5370223.19","537","Hamilton","0223.19",1425.00,1200.00,100000.00
"5370223.20","537","Hamilton","0223.20",1385.00,1135.00,97000.00
"5370224.02","537","Hamilton","0224.02",1070.00,925.00,158000.00
"5370224.03","537","Hamilton","0224.03",1185.00,1020.00,164000.00
"5370224.04","537","Hamilton","0224.04",825.00,695.00,155000.00
"5370224.05","537","Hamilton","0224.05",1355.00,1080.00,133000.00
"5370300.00","537","Hamilton","0300.00",620.00,565.00,113000.00
"5370301.01","537","Hamilton","0301.01",2085.00,1885.00,96000.00
"5370301.02","537","Hamilton","0301.02",1290.00,1100.00,118000.00
"5370302.00","537","Hamilton","0302.00",1830.00,1580.00,80000.00
"5370303.01","537","Hamilton","0303.01",1375.00,1190.00,114000.00
"5370303.03","537","Hamilton","0303.03",1370.00,1240.00,104000.00
"5370303.04","537","Hamilton","0303.04",1285.00,1100.00,140000.00
